pairIdx	entry	syn	pressure_entry	syns_WordNet	WNpressure_entry	WNsenses_entry	WNsenses_syn	syns_WNExt	WNExt_word	DiachrD_entry	DiachrD_syn	DiachrDG_entry	DiachrDG_syn	DiachrDG_pair_avg	DiachrDG_pair_avgstd	FO_entry	FO_syn	FE_entry	FE_syn	EnoughFreq	FGO_entry	FGO_syn	FGE_entry	FGE_syn	FEv_entry	FEv_syn	Lev	SDO	SDE	Div	SDGO	SDGE	Dec_avg	Dec_avgstd
0	abandon	leave	13	False	6	5	14	True	forsake	0.7096774193548387	0.6842105263157895					38	519	54	437	True	1	4	1	4	0	0	6	0.67599073	0.58497616	-0.09101457000000002	mid	close	LPC	LPC
1	abandon	resign	13	False	6	5	4	True	relinquish	0.7096774193548387	0.7261146496815287					38	23	54	25	True	1	0	1	0	0	0	6	0.57826781	0.67932712	0.1010593099999999	close	mid	LD	LD
2	abandon	discontinue	13	False	6	5	3	False		0.7096774193548387	0.8950276243093923		avg	syn		38	1	54	2	False	1	0	1	0	0	0	9	0.74632352	0.77417124	0.02784772000000002	mid	mid	LD	LPC
3	abandon	quit	13	False	6	5	5	True	resign	0.7096774193548387	0.8235294117647058					38	7	54	10	False	1	0	1	0	0	0	7	0.64493107	0.65090133	0.005970259999999894	mid	mid	LPC	LPC
4	abandon	forego	13	False	6	5	3	False		0.7096774193548387	0.9010989010989012		avg	syn		38	11	54	1	False	1	0	1	0	0	0	6	0.73078653	0.75175842	0.020971889999999993	mid	mid	LD	LPC
5	abandon	retract	13	False	6	5	4	False		0.7096774193548387	0.9473684210526316		avgstd	syn	syn	38	8	54	7	False	1	0	1	0	0	0	7	0.82443226	0.86202018	0.03758792	mid	mid	LD	LPC
6	abandon	cease	13	False	6	5	2	False		0.7096774193548387	0.8505747126436781					38	173	54	57	True	1	3	1	1	0	-2	6	0.82021454	0.86656931	0.04635476999999999	mid	mid	LD	LPC
7	abandon	forsake	13	True	6	5	1	True		0.7096774193548387	0.75					38	22	54	5	False	1	0	1	0	0	0	7	0.66915041	0.64247128	-0.026679129999999995	mid	close	LPC	LPC
8	abandon	relinquish	13	False	6	5	4	True	resign	0.7096774193548387	0.8372093023255813					38	11	54	7	False	1	0	1	0	0	0	9	0.57928447	0.64465535	0.06537087999999991	close	mid	LD	LPC
9	abandon	cede	13	False	6	5	2	False		0.7096774193548387	0.8505747126436781					38	12	54	21	True	1	0	1	0	0	0	6	0.76468051	0.7906683	0.025987789999999955	mid	mid	LD	LPC
10	abandon	renounce	13	False	6	5	4	True	resign	0.7096774193548387	0.7804878048780488					38	14	54	16	True	1	0	1	0	0	0	7	0.56290414	0.64446423	0.08156008999999997	close	mid	LD	LPC
11	abandon	vacate	13	True	6	5	3	True		0.7096774193548387	0.8372093023255813					38	20	54	17	True	1	0	1	0	0	0	6	0.87275068	0.8355807	-0.03716998000000005	far	mid	LPC	LPC
12	abandon	repudiate	13	False	6	5	4	False		0.7096774193548387	0.9690721649484536		avgstd	syn	syn	38	10	54	3	False	1	0	1	0	0	0	8	0.70666579	0.80885715	0.10219136000000006	mid	mid	LD	LD
13	abate	mitigate	4	False	5	2	2	False		0.9473684210526316	0.8304093567251463	avgstd		entry	entry	4	6	3	5	False	0	0	0	0	0	0	5	0.78158732	0.70929392	-0.07229339999999995	mid	mid	LPC	LPC
14	abate	reduce	4	False	5	2	20	False		0.9473684210526316	0.7951807228915663	avgstd		entry	entry	4	43	3	374	False	0	1	0	3	0	2	5	0.89337745	0.86686069	-0.026516760000000028	far	mid	LPC	LPC
15	abate	lessen	4	False	5	2	3	False		0.9473684210526316	0.717948717948718	avgstd		entry	entry	4	21	3	13	False	0	0	0	0	0	0	5	0.64060928	0.75244583	0.11183655000000003	mid	mid	LD	LD
16	abate	diminish	4	False	5	2	2	False		0.9473684210526316	0.7261146496815287	avgstd		entry	entry	4	29	3	45	False	0	1	0	1	0	0	8	0.63884864	0.86539413	0.22654549000000002	mid	mid	LD	LD
17	abhor	loathe	3	True	3	1	1	True		0.9130434782608696	0.9528795811518324	avg	avgstd	both	syn	25	18	19	24	True	1	0	0	0	-1	0	5	0.5378713	0.81928644	0.2814151399999999	close	mid	LD	LD
18	abhor	despise	3	False	3	1	1	True	loathe	0.9130434782608696	0.8165680473372781	avg		entry		25	86	19	40	True	1	2	0	1	-1	-1	7	0.66867965	0.72656142	0.057881770000000055	mid	mid	LD	LPC
19	abhor	hate	3	False	3	1	1	False		0.9130434782608696	0.75	avg		entry		25	251	19	259	True	1	3	0	3	-1	0	5	0.5848924	0.75251739	0.16762498999999997	close	mid	LD	LD
20	abide	anticipate	17	False	13	2	6	False		0.8023952095808383	0.8235294117647058					50	30	17	45	True	1	1	0	1	-1	0	7	0.90938434	0.86381508	-0.045569260000000056	far	mid	LPC	LPC
21	abide	dwell	17	False	13	2	5	False		0.8023952095808383	0.6842105263157895					50	171	17	36	True	1	3	0	1	-1	-2	5	0.79887434	0.80712835	0.008254010000000034	mid	mid	LPC	LPC
22	abide	remain	17	False	13	2	4	False		0.8023952095808383	0.6301369863013699					50	504	17	892	True	1	4	0	4	-1	0	6	0.78898409	0.83790438	0.04892028999999998	mid	mid	LD	LPC
23	abide	stop	17	False	13	2	11	False		0.8023952095808383	0.7804878048780488					50	253	17	1060	True	1	3	0	4	-1	1	5	0.99838928	0.95494552	-0.04344376000000005	far	far	LPC	LPC
24	abide	await	17	False	13	2	1	False		0.8023952095808383	0.7730061349693251					50	91	17	81	True	1	2	0	1	-1	-1	4	0.77616547	0.77588672	-0.0002787499999999943	mid	mid	LPC	LPC
25	abide	endure	17	True	13	2	7	True		0.8023952095808383	0.7804878048780488					50	35	17	39	True	1	1	0	1	-1	0	5	0.81865912	0.76797626	-0.050682859999999996	mid	mid	LPC	LPC
26	abide	reside	17	False	13	2	3	False		0.8023952095808383	0.7421383647798743					50	41	17	66	True	1	1	0	1	-1	0	3	0.87523051	0.8754323	0.0002017900000000905	far	mid	LPC	LPC
27	abide	tarry	17	False	13	2	2	False		0.8023952095808383	0.9847715736040608		avgstd	syn	syn	50	4	17	7	False	1	0	0	0	-1	0	5	0.84491995	0.89302175	0.04810179999999997	mid	mid	LD	LPC
28	abide	expect	17	False	13	2	6	False		0.8023952095808383	0.6577181208053691					50	419	17	826	True	1	4	0	4	-1	0	6	0.93346416	0.89756742	-0.03589673999999998	far	mid	LPC	LPC
29	abide	tolerate	17	True	13	2	4	True		0.8023952095808383	0.8023952095808383					50	12	17	28	True	1	0	0	0	-1	0	7	0.94530135	0.83033938	-0.11496197000000008	far	mid	LPC	LPC
30	abide	bide	17	True	13	2	1	True		0.8023952095808383	0.941798941798942		avg	syn		50	39	17	10	True	1	1	0	0	-1	-1	1	0.86817861	0.87041304	0.0022344300000000095	far	mid	LPC	LPC
31	abide	inhabit	17	False	13	2	3	False		0.8023952095808383	0.7730061349693251					50	29	17	72	True	1	1	0	1	-1	0	5	0.96869545	0.96489236	-0.003803090000000009	far	far	LPC	LPC
32	abide	wait	17	False	13	2	4	False		0.8023952095808383	0.6754966887417219					50	131	17	229	True	1	2	0	3	-1	1	4	0.79968447	0.8349937	0.03530922999999997	mid	mid	LD	LPC
33	abide	confront	17	False	13	2	4	False		0.8023952095808383	0.8636363636363636		avg	syn		50	32	17	91	True	1	1	0	1	-1	0	8	1.00566658	0.87369023	-0.13197634999999996	far	mid	LPC	LPC
34	abide	live	17	False	13	2	7	False		0.8023952095808383	0.6754966887417219					50	289	17	1064	True	1	4	0	4	-1	0	3	0.77338673	0.77214738	-0.0012393499999999724	mid	mid	LPC	LPC
35	abide	stay	17	True	13	2	11	True		0.8023952095808383	0.7096774193548387					50	340	17	304	True	1	4	0	3	-1	-1	5	0.75800447	0.85861634	0.10061186999999994	mid	mid	LD	LD
36	abide	continue	17	False	13	2	10	False		0.8023952095808383	0.6842105263157895					50	251	17	966	True	1	3	0	4	-1	1	6	0.82304939	0.78905498	-0.03399441000000003	mid	mid	LPC	LPC
37	abolish	abate	14	False	1	1	2	False		0.6928104575163399	0.9473684210526316		avgstd	syn	syn	18	4	11	3	False	0	0	0	0	0	0	5	0.86224814	0.86150962	-0.0007385200000000758	mid	mid	LPC	LPC
38	abolish	eradicate	14	False	1	1	2	True	eliminate	0.6928104575163399	0.8571428571428572		avg	syn		18	15	11	47	True	0	0	0	1	0	1	8	0.7825111	0.64656291	-0.13594819000000002	mid	mid	LPC	LPC
39	abolish	prohibit	14	False	1	1	1	False		0.6928104575163399	0.6394557823129252					18	5	11	52	False	0	0	0	1	0	1	6	0.59933479	0.63640808	0.037073290000000036	close	close	LD	LPC
40	abolish	abrogate	14	False	1	1	1	False		0.6928104575163399	0.7341772151898734					18	1	11	2	False	0	0	0	0	0	0	5	0.61582589	0.71491858	0.09909268999999998	mid	mid	LD	LD
41	abolish	remove	14	False	1	1	8	False		0.6928104575163399	0.8023952095808383					18	4	11	14	False	0	0	0	0	0	0	7	0.77279315	0.83110362	0.05831047	mid	mid	LD	LPC
42	abolish	subvert	14	False	1	1	4	False		0.6928104575163399	0.8439306358381503					18	13	11	27	True	0	0	0	0	0	0	7	0.65095904	0.74478646	0.09382742	mid	mid	LD	LPC
43	abolish	annihilate	14	False	1	1	1	False		0.6928104575163399	0.9583333333333334		avgstd	syn	syn	18	7	11	6	False	0	0	0	0	0	0	8	0.68437077	0.95066673	0.26629596	mid	far	LD	LD
44	abolish	supplant	14	False	1	1	1	False		0.6928104575163399	0.9473684210526316		avgstd	syn	syn	18	20	11	20	True	0	0	0	0	0	0	7	0.92831727	0.84861366	-0.07970360999999992	far	mid	LPC	LPC
45	abolish	annul	14	False	1	1	2	False		0.6928104575163399	0.8235294117647058					18	16	11	6	False	0	0	0	0	0	0	6	0.63385431	0.82063088	0.18677656999999992	mid	mid	LD	LD
46	abolish	nullify	14	False	1	1	3	False		0.6928104575163399	0.9361702127659576		avg	syn		18	3	11	1	False	0	0	0	0	0	0	5	0.76911537	0.76457146	-0.004543909999999984	mid	mid	LPC	LPC
47	abolish	suppress	14	False	1	1	5	False		0.6928104575163399	0.75					18	10	11	20	True	0	0	0	0	0	0	7	0.69287905	0.74169139	0.0488123399999999	mid	mid	LD	LPC
48	abolish	destroy	14	False	1	1	4	False		0.6928104575163399	0.6577181208053691					18	96	11	133	True	0	2	0	2	0	0	7	0.6918328	0.66697013	-0.024862669999999976	mid	mid	LPC	LPC
49	abolish	obliterate	14	False	1	1	4	False		0.6928104575163399	0.9473684210526316		avgstd	syn	syn	18	3	11	5	False	0	0	0	0	0	0	8	0.80402014	0.87763467	0.07361452999999996	mid	mid	LD	LPC
50	abolish	revoke	14	False	1	1	2	False		0.6928104575163399	0.6666666666666667					18	14	11	21	True	0	0	0	0	0	0	7	0.71673101	0.77910352	0.0623725100000001	mid	mid	LD	LPC
51	absolve	forgive	2	False	2	2	2	False		0.9247311827956988	0.6577181208053691	avg		entry		6	398	4	274	False	0	4	0	3	0	-1	5	0.79679409	0.76868063	-0.028113460000000035	mid	mid	LPC	LPC
52	absolve	liberate	2	False	2	2	4	False		0.9247311827956988	0.9361702127659576	avg	avg	both		6	2	4	8	False	0	0	0	0	0	0	6	0.82329767	0.89158885	0.06829118	mid	mid	LD	LPC
53	absorb	consume	2	False	18	9	6	False		0.7341772151898734	0.8023952095808383					23	22	48	102	True	0	0	1	2	1	2	6	0.65539172	0.63879278	-0.016598940000000062	mid	close	LPC	LPC
54	abstracted	absorbed	1	False	0	0	0	False		0.9743589743589745	0.7730061349693251	avgstd		entry	entry	28	51	16	36	True	1	1	0	1	-1	0	4	0.673197	0.89165061	0.21845360999999996	mid	mid	LD	LD
55	add	augment	7	False	17	6	2	False		0.8095238095238095	0.8372093023255813					344	11	1616	8	False	4	0	4	0	0	0	6	0.7674652	0.97009161	0.20262641000000003	mid	far	LD	LD
56	add	extend	7	False	17	6	17	False		0.8095238095238095	0.7577639751552795					344	107	1616	159	True	4	2	4	2	0	0	5	0.93428211	0.91042558	-0.023856530000000098	far	far	LPC	LPC
57	add	affix	7	False	17	6	3	False		0.8095238095238095	0.9473684210526316		avgstd	syn	syn	344	6	1616	5	False	4	0	4	0	0	0	4	0.93935068	0.82743442	-0.11191625999999999	far	mid	LPC	LPC
58	add	attach	7	False	17	6	5	False		0.8095238095238095	0.88268156424581		avg	syn		344	53	1616	82	True	4	1	4	1	0	0	5	0.96200567	0.8452873	-0.11671837000000007	far	mid	LPC	LPC
59	add	enlarge	7	False	17	6	4	False		0.8095238095238095	0.7096774193548387					344	15	1616	17	True	4	0	4	0	0	0	6	0.76854812	0.76933081	0.0007826900000000858	mid	mid	LPC	LPC
60	addicted	abandoned	4	False	0	0	0	False		0.941798941798942	0.7654320987654322	avg		entry		54	83	102	329	True	1	2	2	3	1	1	6	0.91232852	0.93319122	0.020862700000000012	far	far	LD	LPC
61	addicted	attached	4	False	0	0	0	False		0.941798941798942	0.7951807228915663	avg		entry		54	14	102	57	True	1	0	2	1	1	1	4	1.01150465	0.90817455	-0.10333009999999998	far	far	LPC	LPC
62	addicted	given	4	False	0	0	0	False		0.941798941798942	0.8235294117647058	avg		entry		54	313	102	611	True	1	4	2	4	1	0	6	0.99762186	0.99216904	-0.005452820000000025	far	far	LPC	LPC
63	addicted	habituated	4	False	0	0	0	False		0.941798941798942	0.9847715736040608	avg	avgstd	both	syn	54	3	102	3	False	1	0	2	0	1	0	6	0.64613332	0.88885317	0.24271984999999996	mid	mid	LD	LD
64	admire	adore	6	False	1	2	1	False		0.7654320987654322	0.7654320987654322					155	75	124	51	True	3	2	2	1	-1	-1	2	0.71116535	0.69951508	-0.011650270000000074	mid	mid	LPC	LPC
65	admire	extol	6	False	1	2	1	False		0.7654320987654322	0.9743589743589745		avgstd	syn	syn	155	4	124	2	False	3	0	2	0	-1	0	6	0.69071881	0.83905045	0.14833164	mid	mid	LD	LD
66	admire	applaud	6	False	1	2	2	False		0.7654320987654322	0.9473684210526316		avgstd	syn	syn	155	18	124	73	True	3	0	2	1	-1	1	6	0.75297741	0.77897138	0.025993970000000033	mid	mid	LD	LPC
67	admire	enjoy	6	False	1	2	5	False		0.7654320987654322	0.6754966887417219					155	261	124	556	True	3	3	2	4	-1	1	6	0.75019004	0.72507716	-0.025112880000000004	mid	mid	LPC	LPC
68	admire	revere	6	False	1	2	2	False		0.7654320987654322	0.9743589743589745		avgstd	syn	syn	155	13	124	23	True	3	0	2	0	-1	0	4	0.7160584	0.77051093	0.054452530000000054	mid	mid	LD	LPC
69	admire	approve	6	False	1	2	2	False		0.7654320987654322	0.7577639751552795					155	74	124	73	True	3	2	2	1	-1	-1	5	0.70426886	0.8576368	0.15336793999999998	mid	mid	LD	LD
70	adorn	decorate	5	True	8	3	4	True		0.941798941798942	0.9690721649484536	avg	avgstd	both	syn	23	8	23	31	False	0	0	0	1	0	1	6	0.58604878	0.79883898	0.21279019999999993	close	mid	LD	LD
71	adorn	illustrate	5	False	8	3	3	False		0.941798941798942	0.7096774193548387	avg		entry		23	66	23	84	True	0	2	0	1	0	-1	9	0.704186	0.99321836	0.28903236	mid	far	LD	LD
72	adorn	gild	5	False	8	3	1	False		0.941798941798942	0.9743589743589745	avg	avgstd	both	syn	23	7	23	1	False	0	0	0	0	0	0	5	0.86907323	0.92603927	0.05696603999999994	far	far	LD	LPC
73	agree	accede	8	False	15	7	3	False		0.6111111111111112	0.7261146496815287					301	5	783	6	False	4	0	4	0	0	0	3	0.63631569	0.67511493	0.03879924000000001	mid	mid	LD	LPC
74	agree	admit	8	False	15	7	8	False		0.6111111111111112	0.7654320987654322					301	261	783	302	True	4	3	4	3	0	0	4	0.74968766	0.76965282	0.019965160000000037	mid	mid	LD	LPC
75	agree	coincide	8	False	15	7	3	False		0.6111111111111112	0.7096774193548387					301	11	783	31	True	4	0	4	1	0	1	7	0.72573676	0.78001736	0.05428060000000001	mid	mid	LD	LPC
76	agree	concur	8	True	15	7	2	True		0.6111111111111112	0.8095238095238095					301	12	783	21	True	4	0	4	0	0	0	6	0.4459212	0.6747091	0.22878789999999993	close	mid	LD	LD
77	agree	accept	8	False	15	7	11	False		0.6111111111111112	0.5915492957746479					301	273	783	318	True	4	3	4	3	0	0	4	0.59682758	0.54957961	-0.04724797000000003	close	close	LPC	LPC
78	agree	approve	8	False	15	7	2	True	concur	0.6111111111111112	0.7577639751552795					301	74	783	73	True	4	2	4	1	0	-1	4	0.61113259	0.60797893	-0.003153659999999947	close	close	LPC	LPC
79	agree	combine	8	False	15	7	7	False		0.6111111111111112	0.8439306358381503					301	13	783	20	True	4	0	4	0	0	0	6	0.76406056	0.90004644	0.13598588	mid	mid	LD	LD
80	agree	comply	8	False	15	7	1	False		0.6111111111111112	0.6111111111111112					301	6	783	22	False	4	0	4	0	0	0	6	0.6840783	0.69722749	0.013149189999999922	mid	mid	LPC	LPC
81	allay	alleviate	4	False	6	2	2	True	relieve	0.88268156424581	0.7804878048780488	avg		entry		5	30	2	84	False	0	1	0	1	0	0	5	0.68983237	0.69909729	0.00926492000000001	mid	mid	LPC	LPC
82	allay	compose	4	False	6	2	6	False		0.88268156424581	0.8304093567251463	avg		entry		5	48	2	33	False	0	1	0	1	0	0	7	0.84693074	0.98832621	0.14139546999999997	mid	far	LD	LD
83	allay	appease	4	False	6	2	3	False		0.88268156424581	0.9247311827956988	avg	avg	both		5	2	2	3	False	0	0	0	0	0	0	5	0.54589362	0.79037369	0.24448007000000005	close	mid	LD	LD
84	allay	soothe	4	False	6	2	2	False		0.88268156424581	0.9189189189189187	avg	avg	both		5	12	2	12	False	0	0	0	0	0	0	6	0.57144409	0.6714832	0.10003910999999999	close	mid	LD	LD
85	allege	maintain	10	False	2	1	10	False		0.8439306358381503	0.7012987012987013					14	143	30	240	True	0	3	0	3	0	0	7	0.808784	0.86660941	0.05782541000000008	mid	mid	LD	LPC
86	allege	produce	10	False	2	1	7	False		0.8439306358381503	0.7341772151898734					14	96	30	200	True	0	2	0	2	0	0	6	1.00393608	0.95182121	-0.052114869999999924	far	far	LPC	LPC
87	allege	assign	10	False	2	1	8	False		0.8439306358381503	0.75					14	15	30	28	True	0	0	0	0	0	0	4	0.84894961	0.95395131	0.10500169999999998	mid	far	LD	LD
88	allege	declare	10	False	2	1	8	False		0.8439306358381503	0.7096774193548387					14	318	30	65	True	0	4	0	1	0	-3	5	0.80816473	0.91937839	0.11121365999999999	mid	far	LD	LD
89	allege	say	10	True	2	1	11	True		0.8439306358381503	0.6394557823129252					14	157	30	148	True	0	3	0	2	0	-1	6	0.79929232	0.9292319	0.12993958000000005	mid	far	LD	LD
90	allege	affirm	10	False	2	1	3	False		0.8439306358381503	0.7421383647798743					14	9	30	1	False	0	0	0	0	0	0	5	0.68113614	0.81700581	0.13586967000000005	mid	mid	LD	LD
91	allege	aver	10	True	2	1	2	True		0.8439306358381503	0.98989898989899		avgstd	syn	syn	14	9	30	2	False	0	0	0	0	0	0	4	0.68780042	0.87693998	0.18913955999999998	mid	mid	LD	LD
92	allege	introduce	10	False	2	1	10	False		0.8439306358381503	0.7654320987654322					14	61	30	83	True	0	1	0	1	0	0	8	0.82565852	0.89179222	0.06613370000000007	mid	mid	LD	LPC
93	allege	plead	10	False	2	1	4	False		0.8439306358381503	0.7577639751552795					14	65	30	34	True	0	2	0	1	0	-1	4	0.69475887	0.68825703	-0.006501839999999981	mid	mid	LPC	LPC
94	allege	assert	10	False	2	1	4	False		0.8439306358381503	0.7261146496815287					14	98	30	55	True	0	2	0	1	0	-1	4	0.67815107	0.6881372	0.009986130000000037	mid	mid	LPC	LPC
95	alleviate	abate	8	False	5	2	2	False		0.7804878048780488	0.9473684210526316		avgstd	syn	syn	30	4	84	3	False	1	0	1	0	0	0	5	0.78332219	0.7940293	0.01070711000000002	mid	mid	LPC	LPC
96	alleviate	lighten	8	False	5	2	6	False		0.7804878048780488	0.9130434782608696		avg	syn		30	11	84	25	True	1	0	1	0	0	0	7	0.76274184	0.79435124	0.03160940000000001	mid	mid	LD	LPC
97	alleviate	reduce	8	False	5	2	20	True	relieve	0.7804878048780488	0.7951807228915663					30	43	84	374	True	1	1	1	3	0	2	7	0.71532513	0.63810663	-0.07721849999999997	mid	close	LPC	LPC
98	alleviate	remove	8	False	5	2	8	False		0.7804878048780488	0.8023952095808383					30	4	84	14	False	1	0	1	0	0	0	7	0.80632418	0.77007768	-0.03624649999999996	mid	mid	LPC	LPC
99	alleviate	assuage	8	True	5	2	3	True		0.7804878048780488	0.9247311827956988		avg	syn		30	16	84	36	True	1	0	1	1	0	1	6	0.70181548	0.87344961	0.17163412999999994	mid	mid	LD	LD
100	alleviate	mitigate	8	False	5	2	2	True	relieve	0.7804878048780488	0.8304093567251463					30	6	84	5	False	1	0	1	0	0	0	6	0.54372351	0.44263054	-0.10109296999999995	close	close	LPC	LPC
101	alleviate	relieve	8	True	5	2	11	True		0.7804878048780488	0.8095238095238095					30	43	84	29	True	1	1	1	0	0	-1	6	0.52814816	0.42695837	-0.10118979	close	close	LPC	LPC
102	alleviate	lessen	8	False	5	2	3	True	relieve	0.7804878048780488	0.717948717948718					30	21	84	13	True	1	0	1	0	0	0	7	0.63023137	0.60204503	-0.028186339999999976	mid	close	LPC	LPC
103	allow	admit	6	True	15	10	8	True		0.7577639751552795	0.7654320987654322					295	261	673	302	True	4	3	4	3	0	0	4	0.60432386	0.72924755	0.12492368999999992	close	mid	LD	LD
104	allow	let	6	True	15	10	6	True		0.7577639751552795	0.6394557823129252					295	45	673	13	True	4	1	4	0	0	-1	4	0.52878193	0.56946907	0.040687140000000066	close	close	LD	LPC
105	allow	tolerate	6	True	15	10	4	True		0.7577639751552795	0.8023952095808383					295	12	673	28	True	4	0	4	0	0	0	7	0.76073757	0.72137559	-0.03936198000000002	mid	mid	LPC	LPC
106	allow	concede	6	False	15	10	4	False		0.7577639751552795	0.7261146496815287					295	22	673	42	True	4	0	4	1	0	1	7	0.73351871	0.80984627	0.07632755999999996	mid	mid	LD	LPC
107	allow	permit	6	True	15	10	3	True		0.7577639751552795	0.7577639751552795					295	57	673	145	True	4	1	4	2	0	1	6	0.34777803	0.44160903	0.093831	close	close	LD	LPC
108	allow	suffer	6	False	15	10	11	False		0.7577639751552795	0.6577181208053691					295	294	673	279	True	4	4	4	3	0	-1	6	0.68816436	0.87749977	0.18933540999999998	mid	mid	LD	LD
109	allude	indicate	4	False	2	1	5	False		0.907103825136612	0.6486486486486487	avg		entry		45	183	10	383	True	1	3	0	3	-1	0	7	0.7686208	0.84329218	0.07467137999999995	mid	mid	LD	LPC
110	allude	signify	4	False	2	1	3	False		0.907103825136612	0.8372093023255813	avg		entry		45	22	10	22	True	1	0	0	0	-1	0	7	0.86696931	0.79001781	-0.07695149999999995	mid	mid	LPC	LPC
111	allude	insinuate	4	False	2	1	2	False		0.907103825136612	0.9583333333333334	avg	avgstd	both	syn	45	17	10	8	False	1	0	0	0	-1	0	7	0.8536151	1.00846383	0.15484873	mid	far	LD	LD
112	allude	refer	4	False	2	1	7	False		0.907103825136612	0.6842105263157895	avg		entry		45	173	10	231	True	1	3	0	3	-1	0	6	0.53478325	0.785386	0.25060275	close	mid	LD	LD
113	amend	rectify	5	True	8	3	6	True		0.717948717948718	0.907103825136612		avg	syn		10	25	9	29	False	0	1	0	0	0	-1	7	0.73797815	0.73223589	-0.005742259999999999	mid	mid	LPC	LPC
114	amend	mend	5	False	8	3	2	False		0.717948717948718	0.941798941798942		avg	syn		10	8	9	18	False	0	0	0	0	0	0	1	0.77656631	0.90889068	0.13232436999999997	mid	far	LD	LD
115	amend	improve	5	True	8	3	2	True		0.717948717948718	0.7096774193548387					10	50	9	133	False	0	1	0	2	0	1	6	0.7247233	0.83245539	0.10773209000000006	mid	mid	LD	LD
116	amend	mitigate	5	False	8	3	2	False		0.717948717948718	0.8304093567251463					10	6	9	5	False	0	0	0	0	0	0	8	0.83010777	0.79647364	-0.03363413000000004	mid	mid	LPC	LPC
117	amend	cleanse	5	False	8	3	2	False		0.717948717948718	0.88268156424581		avg	syn		10	9	9	11	False	0	0	0	0	0	0	5	0.91805888	1.00299534	0.08493645999999999	far	far	LD	LPC
118	announce	advertise	12	False	6	4	2	False		0.7421383647798743	0.8764044943820225		avg	syn		41	12	60	20	True	1	0	1	0	0	0	7	0.80449206	0.90658693	0.10209487000000006	mid	far	LD	LD
119	announce	proclaim	12	False	6	4	4	True	declare	0.7421383647798743	0.7730061349693251					41	64	60	33	True	1	2	1	1	0	-1	8	0.61388028	0.57788684	-0.03599343999999993	mid	close	LPC	LPC
120	announce	reveal	12	False	6	4	3	False		0.7421383647798743	0.7730061349693251					41	100	60	311	True	1	2	1	3	0	1	8	0.89725026	0.8807593	-0.016490959999999943	far	mid	LPC	LPC
121	announce	circulate	12	False	6	4	6	False		0.7421383647798743	0.8636363636363636		avg	syn		41	11	60	15	True	1	0	1	0	0	0	7	1.03949253	0.8711664	-0.16832612999999996	far	mid	LPC	LPC
122	announce	promulgate	12	False	6	4	2	False		0.7421383647798743	0.8764044943820225		avg	syn		41	8	60	6	False	1	0	1	0	0	0	8	0.87120626	0.97939411	0.10818784999999997	far	far	LD	LD
123	announce	say	12	False	6	4	11	False		0.7421383647798743	0.6394557823129252					41	157	60	148	True	1	3	1	2	0	-1	8	0.85292593	0.78771706	-0.06520887000000009	mid	mid	LPC	LPC
124	announce	communicate	12	False	6	4	7	False		0.7421383647798743	0.8571428571428572		avg	syn		41	18	60	73	True	1	0	1	1	0	1	7	0.72302112	0.91716743	0.19414631000000004	mid	far	LD	LD
125	announce	declare	12	True	6	4	8	True		0.7421383647798743	0.7096774193548387					41	318	60	65	True	1	4	1	1	0	-3	7	0.76508275	0.73752822	-0.027554530000000077	mid	mid	LPC	LPC
126	announce	publish	12	False	6	4	3	False		0.7421383647798743	0.7654320987654322					41	41	60	40	True	1	1	1	1	0	0	8	0.67965563	0.79392514	0.11426951000000007	mid	mid	LD	LD
127	announce	notify	12	False	6	4	1	False		0.7421383647798743	0.7421383647798743					41	11	60	23	True	1	0	1	0	0	0	6	0.77172769	0.82369102	0.051963330000000085	mid	mid	LD	LPC
128	announce	tell	12	False	6	4	8	False		0.7421383647798743	0.5294117647058824					41	3571	60	4521	True	1	4	1	4	0	0	8	0.83326414	0.76457076	-0.06869338000000003	mid	mid	LPC	LPC
129	anticipate	apprehend	3	False	14	6	3	False		0.8235294117647058	0.8571428571428572		avg	syn		30	24	45	2	False	1	1	1	0	0	-1	9	0.73369744	0.71651877	-0.017178670000000063	mid	mid	LPC	LPC
130	anticipate	hope	3	False	14	6	3	False		0.8235294117647058	0.7421383647798743					30	2539	45	1653	True	1	4	1	4	0	0	8	0.74469762	0.74080761	-0.0038900099999999993	mid	mid	LPC	LPC
131	anticipate	expect	3	True	14	6	6	True		0.8235294117647058	0.6577181208053691					30	419	45	826	True	1	4	1	4	0	0	8	0.60246437	0.56842055	-0.03404381999999995	close	close	LPC	LPC
132	appear	look	2	True	4	7	10	True		0.7341772151898734	0.6928104575163399					710	3055	1031	4592	True	4	4	4	4	0	0	6	0.84744479	0.74924161	-0.09820317999999995	mid	mid	LPC	LPC
133	appear	seem	2	True	4	7	4	True		0.7341772151898734	0.717948717948718					710	1745	1031	2144	True	4	4	4	4	0	0	5	0.41164459	0.47003337	0.05838878000000003	close	close	LD	LPC
134	apportion	distribute	6	False	5	2	10	False		0.9583333333333334	0.7654320987654322	avgstd		entry	entry	2	16	1	31	False	0	0	0	1	0	1	9	0.74506671	0.73941092	-0.005655790000000049	mid	mid	LPC	LPC
135	apportion	appoint	6	False	5	2	3	False		0.9583333333333334	0.6013986013986015	avgstd		entry	entry	2	40	1	7	False	0	1	0	0	0	-1	4	0.80798987	0.9140843	0.10609442999999996	mid	far	LD	LD
136	apportion	assign	6	False	5	2	8	False		0.9583333333333334	0.75	avgstd		entry	entry	2	15	1	28	False	0	0	0	0	0	0	6	0.76305291	0.83123894	0.06818603000000001	mid	mid	LD	LPC
137	apportion	dispense	6	False	5	2	3	False		0.9583333333333334	0.8439306358381503	avgstd		entry	entry	2	7	1	5	False	0	0	0	0	0	0	9	0.83236561	0.84263084	0.010265230000000014	mid	mid	LPC	LPC
138	apportion	divide	6	False	5	2	6	False		0.9583333333333334	0.7654320987654322	avgstd		entry	entry	2	70	1	117	False	0	2	0	2	0	0	8	0.77295504	1.06749471	0.29453967000000003	mid	far	LD	LD
139	ask	beg	8	False	14	7	4	True	pray	0.5294117647058824	0.6206896551724138					1198	585	2372	176	True	4	4	4	2	0	-2	3	0.45590631	0.52493267	0.06902636000000001	close	close	LD	LPC
140	ask	crave	8	False	14	7	2	False		0.5294117647058824	0.9473684210526316		avgstd	syn	syn	1198	58	2372	45	True	4	1	4	1	0	0	4	0.59827123	0.87184855	0.27357732	close	mid	LD	LD
141	ask	entreat	8	False	14	7	1	False		0.5294117647058824	0.8304093567251463					1198	39	2372	2	False	4	1	4	0	0	-1	7	0.53815245	0.74547868	0.20732622999999994	close	mid	LD	LD
142	ask	solicit	8	False	14	7	5	False		0.5294117647058824	0.8700564971751412		avg	syn		1198	6	2372	9	False	4	0	4	0	0	0	7	0.66330132	0.83047814	0.16717682	mid	mid	LD	LD
143	ask	beseech	8	False	14	7	1	False		0.5294117647058824	0.7421383647798743					1198	72	2372	4	False	4	2	4	0	0	-2	6	0.54696003	0.68012414	0.13316410999999995	close	mid	LD	LD
144	ask	implore	8	False	14	7	1	False		0.5294117647058824	0.8165680473372781					1198	26	2372	10	True	4	1	4	0	0	-1	7	0.52796271	0.68266995	0.15470724000000002	close	mid	LD	LD
145	ask	pray	8	False	14	7	2	True	beg	0.5294117647058824	0.6013986013986015					1198	833	2372	242	True	4	4	4	3	0	-1	4	0.48049995	0.57595917	0.09545921999999996	close	close	LD	LPC
146	ask	require	8	True	14	7	4	True		0.5294117647058824	0.7730061349693251					1198	271	2372	666	True	4	3	4	4	0	1	7	0.83129427	0.80321898	-0.028075289999999975	mid	mid	LPC	LPC
147	assume	accept	7	True	21	9	11	True		0.7730061349693251	0.5915492957746479					138	273	398	318	True	3	3	3	3	0	0	5	0.73712727	0.67530014	-0.06182712999999995	mid	mid	LPC	LPC
148	assume	affect	7	False	21	9	5	False		0.7730061349693251	0.75					138	11	398	108	True	3	0	3	2	0	2	5	0.87483802	0.89728737	0.022449350000000035	far	mid	LD	LPC
149	assume	presume	7	True	21	9	4	True		0.7730061349693251	0.7261146496815287					138	253	398	59	True	3	3	3	1	0	-2	3	0.75440817	0.72675558	-0.027652590000000088	mid	mid	LPC	LPC
150	assume	take	7	True	21	9	42	True		0.7730061349693251	0.7096774193548387					138	35	398	115	True	3	1	3	2	0	1	5	0.7697324	0.71069886	-0.05903353999999994	mid	mid	LPC	LPC
151	assume	feign	7	True	21	9	2	True		0.7730061349693251	0.979591836734694		avgstd	syn	syn	138	6	398	3	False	3	0	3	0	0	0	6	0.91287606	1.03484867	0.12197260999999993	far	far	LD	LD
152	assume	pretend	7	False	21	9	6	False		0.7730061349693251	0.7421383647798743					138	88	398	183	True	3	2	3	2	0	0	7	0.8863582	0.82553326	-0.06082493999999994	far	mid	LPC	LPC
153	assume	usurp	7	True	21	9	2	True		0.7730061349693251	0.9189189189189187		avg	syn		138	3	398	5	False	3	0	3	0	0	0	4	0.79227763	0.90625586	0.11397823000000007	mid	far	LD	LD
154	attain	accomplish	9	True	16	4	2	True		0.7012987012987013	0.7804878048780488					68	38	20	27	True	2	1	0	0	-2	-1	8	0.59714077	0.49033898	-0.10680179000000001	close	close	LPC	LPC
155	attain	reach	9	True	16	4	9	True		0.7012987012987013	0.7730061349693251					68	612	20	515	True	2	4	0	4	-2	0	5	0.64915857	0.58318469	-0.06597388000000004	mid	close	LPC	LPC
156	attain	achieve	9	True	16	4	1	True		0.7012987012987013	0.7261146496815287					68	17	20	93	True	2	0	0	2	-2	2	6	0.60257394	0.30608361	-0.29649032999999997	close	close	LPC	LPC
157	attain	get	9	False	16	4	36	False		0.7012987012987013	0.6301369863013699					68	2654	20	10187	True	2	4	0	4	-2	0	5	0.84154602	0.85068867	0.00914265000000003	mid	mid	LPC	LPC
158	attain	obtain	9	False	16	4	3	False		0.7012987012987013	0.7421383647798743					68	106	20	58	True	2	2	0	1	-2	-1	2	0.70487476	0.66415452	-0.040720240000000074	mid	mid	LPC	LPC
159	attain	acquire	9	False	16	4	7	False		0.7012987012987013	0.6754966887417219					68	65	20	69	True	2	2	0	1	-2	-1	5	0.70215792	0.66569693	-0.036460990000000026	mid	mid	LPC	LPC
160	attain	earn	9	False	16	4	2	False		0.7012987012987013	0.6666666666666667					68	56	20	184	True	2	1	0	2	-2	1	4	0.83821401	0.73123417	-0.10697983999999994	mid	mid	LPC	LPC
161	attain	procure	9	False	16	4	2	False		0.7012987012987013	0.8304093567251463					68	19	20	1	False	2	0	0	0	-2	0	7	0.85296448	0.73679537	-0.11616911000000008	mid	mid	LPC	LPC
162	attain	win	9	False	16	4	5	False		0.7012987012987013	0.6842105263157895					68	24	20	230	True	2	1	0	3	-2	2	4	0.81515835	0.8490518	0.03389344999999999	mid	mid	LD	LPC
163	avenge	punish	3	False	2	1	1	False		0.8023952095808383	0.7096774193548387					85	32	31	27	True	2	1	1	0	-1	-1	6	0.59715618	0.65109561	0.05393943000000001	close	mid	LD	LPC
164	avenge	retaliate	3	True	2	1	2	True		0.8023952095808383	0.9304812834224598		avg	syn		85	1	31	2	False	2	0	1	0	-1	0	7	0.72219167	0.84532442	0.12313275000000001	mid	mid	LD	LD
165	avenge	vindicate	3	False	2	1	3	False		0.8023952095808383	0.9010989010989012		avg	syn		85	26	31	11	True	2	1	1	0	-1	-1	7	0.63320837	0.73159832	0.09838995000000006	mid	mid	LD	LD
166	banish	dismiss	2	False	8	4	6	False		0.941798941798942	0.8571428571428572	avg	avg	both		24	26	668	55	True	1	1	4	1	3	0	5	0.70243685	0.90618258	0.20374572999999996	mid	far	LD	LD
167	banish	expel	2	False	8	4	4	False		0.941798941798942	0.88268156424581	avg	avg	both		24	3	668	4	False	1	0	4	0	3	0	6	0.69433776	0.89716564	0.20282787999999996	mid	mid	LD	LD
168	becoming	befitting	3	False	0	0	0	False		0.8165680473372781	0.9743589743589745		avgstd	syn	syn	61	27	24	32	True	1	1	0	1	-1	0	4	0.93698765	0.90925126	-0.027736389999999944	far	far	LPC	LPC
169	becoming	meet	3	False	0	0	11	False		0.8165680473372781	0.75					61	22	24	57	True	1	0	0	1	-1	1	7	1.01648104	0.9937213	-0.022759739999999917	far	far	LPC	LPC
170	becoming	fitting	3	False	0	0	0	False		0.8165680473372781	0.8235294117647058					61	148	24	75	True	1	3	0	1	-1	-2	5	0.98634822	1.01261245	0.02626423	far	far	LD	LPC
171	bind	compel	6	False	15	10	2	False		0.8636363636363636	0.6486486486486487	avg		entry		3	8	29	3	False	0	0	0	0	0	0	6	0.71406043	0.83126275	0.11720232000000008	mid	mid	LD	LD
172	bind	oblige	6	True	15	10	3	True		0.8636363636363636	0.8571428571428572	avg	avg	both		3	17	29	6	False	0	0	0	0	0	0	4	0.72671195	0.84984571	0.12313375999999998	mid	mid	LD	LD
173	bind	restrict	6	False	15	10	4	False		0.8636363636363636	0.6754966887417219	avg		entry		3	11	29	47	False	0	0	0	1	0	1	7	0.92365768	0.93543928	0.011781599999999948	far	far	LPC	LPC
174	bind	engage	6	False	15	10	10	False		0.8636363636363636	0.7730061349693251	avg		entry		3	50	29	134	False	0	1	0	2	0	1	6	0.81409311	0.93499666	0.12090355000000008	mid	far	LD	LD
175	bind	fix	6	False	15	10	12	False		0.8636363636363636	0.8165680473372781	avg		entry		3	47	29	184	False	0	1	0	2	0	1	3	0.87406694	0.85978863	-0.014278309999999905	far	mid	LPC	LPC
176	bind	restrain	6	False	15	10	4	False		0.8636363636363636	0.7261146496815287	avg		entry		3	15	29	9	False	0	0	0	0	0	0	7	0.77577782	0.89330847	0.11753065000000007	mid	mid	LD	LD
177	burn	consume	3	False	13	15	6	False		0.7654320987654322	0.8023952095808383					112	22	245	102	True	2	0	3	2	1	2	6	0.619469	0.75077906	0.13131006	mid	mid	LD	LD
178	burn	kindle	3	False	13	15	3	False		0.7654320987654322	0.9189189189189187		avg	syn		112	29	245	8	False	2	1	3	0	1	-1	6	0.63490298	0.74002259	0.10511961000000003	mid	mid	LD	LD
179	burn	ignite	3	False	13	15	4	False		0.7654320987654322	0.9010989010989012		avg	syn		112	11	245	42	True	2	0	3	1	1	1	6	0.82909645	0.7169985	-0.11209795	mid	mid	LPC	LPC
180	calculate	consider	6	False	19	6	9	False		0.6754966887417219	0.7261146496815287					12	509	48	1274	True	0	4	1	4	1	0	8	0.73658795	0.71987297	-0.016714980000000046	mid	mid	LPC	LPC
181	calculate	enumerate	6	False	19	6	2	False		0.6754966887417219	0.8888888888888888		avg	syn		12	3	48	2	False	0	0	1	0	1	0	6	0.76132134	0.82962169	0.06830035000000001	mid	mid	LD	LPC
182	calculate	cast	6	False	19	6	11	False		0.6754966887417219	0.8235294117647058					12	23	48	112	True	0	0	1	2	1	2	6	1.00342038	1.04519554	0.04177516000000003	far	far	LD	LPC
183	calculate	reckon	6	True	19	6	6	True		0.6754966887417219	0.7804878048780488					12	416	48	133	True	0	4	1	2	1	-2	8	0.79707077	0.85550682	0.05843604999999996	mid	mid	LD	LPC
184	calculate	compute	6	True	19	6	1	True		0.6754966887417219	0.75					12	9	48	27	False	0	0	1	0	1	0	5	0.4765187	0.2434535	-0.23306520000000003	close	close	LPC	LPC
185	calculate	deem	6	False	19	6	1	False		0.6754966887417219	0.7730061349693251					12	75	48	23	True	0	2	1	0	1	-2	9	0.96043801	0.97898681	0.018548800000000032	far	far	LD	LPC
186	call	exclaim	2	False	27	28	2	False		0.7577639751552795	0.8304093567251463					1112	22	2187	9	False	4	0	4	0	0	0	5	0.79695774	0.83556547	0.03860773000000006	mid	mid	LD	LPC
187	cancel	abolish	11	False	8	5	1	False		0.9010989010989012	0.6928104575163399	avg		entry		4	18	34	11	False	0	0	1	0	1	0	7	0.79619431	0.8565064	0.06031209000000004	mid	mid	LD	LPC
188	cancel	nullify	11	False	8	5	3	False		0.9010989010989012	0.9361702127659576	avg	avg	both		4	3	34	1	False	0	0	1	0	1	0	7	0.71229983	0.88489658	0.17259675000000008	mid	mid	LD	LD
189	cancel	rescind	11	False	8	5	1	False		0.9010989010989012	0.8095238095238095	avg		entry		4	8	34	7	False	0	0	1	0	1	0	6	0.75530981	0.70281711	-0.05249269999999995	mid	mid	LPC	LPC
190	cancel	abrogate	11	False	8	5	1	False		0.9010989010989012	0.7341772151898734	avg		entry		4	1	34	2	False	0	0	1	0	1	0	8	0.59053676	0.86394184	0.27340507999999997	close	mid	LD	LD
191	cancel	efface	11	False	8	5	3	False		0.9010989010989012	0.98989898989899	avg	avgstd	both	syn	4	29	34	6	False	0	1	1	0	1	-1	5	1.02398427	0.98117503	-0.04280923999999997	far	far	LPC	LPC
192	cancel	obliterate	11	False	8	5	4	False		0.9010989010989012	0.9473684210526316	avg	avgstd	both	syn	4	3	34	5	False	0	0	1	0	1	0	9	0.82292658	0.81981707	-0.0031095099999999265	mid	mid	LPC	LPC
193	cancel	revoke	11	False	8	5	2	False		0.9010989010989012	0.6666666666666667	avg		entry		4	14	34	21	False	0	0	1	0	1	0	6	0.6459979	0.66221396	0.016216059999999977	mid	mid	LPC	LPC
194	cancel	annul	11	False	8	5	2	False		0.9010989010989012	0.8235294117647058	avg		entry		4	16	34	6	False	0	0	1	0	1	0	3	0.68885713	0.78505649	0.09619935999999996	mid	mid	LD	LPC
195	cancel	erase	11	False	8	5	3	False		0.9010989010989012	0.9473684210526316	avg	avgstd	both	syn	4	15	34	102	False	0	0	1	2	1	2	5	0.85138484	0.7713414	-0.08004344000000008	mid	mid	LPC	LPC
196	cancel	remove	11	False	8	5	8	False		0.9010989010989012	0.8023952095808383	avg		entry		4	4	34	14	False	0	0	1	0	1	0	6	0.83370209	0.79667438	-0.037027709999999936	mid	mid	LPC	LPC
197	cancel	vacate	11	False	8	5	3	False		0.9010989010989012	0.8372093023255813	avg		entry		4	20	34	17	False	0	0	1	0	1	0	5	0.66672438	0.81347319	0.14674880999999995	mid	mid	LD	LD
198	carry	convey	6	True	27	40	7	True		0.6928104575163399	0.7730061349693251					444	46	715	63	True	4	1	4	1	0	0	4	0.71691703	0.76306194	0.046144910000000094	mid	mid	LD	LPC
199	carry	sustain	6	False	27	40	7	False		0.6928104575163399	0.7804878048780488					444	41	715	34	True	4	1	4	1	0	0	7	0.69571458	0.75760231	0.06188773000000003	mid	mid	LD	LPC
200	carry	transmit	6	True	27	40	4	True		0.6928104575163399	0.7341772151898734					444	9	715	43	False	4	0	4	1	0	1	7	0.89006641	0.80119806	-0.08886834999999993	far	mid	LPC	LPC
201	carry	bring	6	False	27	40	11	True	take	0.6928104575163399	0.6842105263157895					444	1148	715	1446	True	4	4	4	4	0	0	5	0.66044329	0.69173434	0.03129104999999999	mid	mid	LD	LPC
202	carry	remove	6	False	27	40	8	False		0.6928104575163399	0.8023952095808383					444	4	715	14	False	4	0	4	0	0	0	6	0.86359061	0.87211576	0.008525149999999981	mid	mid	LPC	LPC
203	carry	take	6	True	27	40	42	True		0.6928104575163399	0.7096774193548387					444	35	715	115	True	4	1	4	2	0	1	4	0.70313023	0.64124149	-0.06188874	mid	close	LPC	LPC
204	catch	apprehend	8	False	26	29	3	False		0.7577639751552795	0.8571428571428572		avg	syn		93	24	290	2	False	2	1	3	0	1	-1	8	0.87098714	0.87000495	-0.000982189999999994	far	mid	LPC	LPC
205	catch	comprehend	8	False	26	29	3	False		0.7577639751552795	0.6394557823129252					93	49	290	20	True	2	1	3	0	1	-1	8	0.82534355	0.88722948	0.06188592999999998	mid	mid	LD	LPC
206	catch	overtake	8	True	26	29	3	True		0.7577639751552795	0.907103825136612		avg	syn		93	13	290	7	False	2	0	3	0	1	0	7	0.73316621	0.75330381	0.020137599999999978	mid	mid	LD	LPC
207	catch	discover	8	False	26	29	8	False		0.7577639751552795	0.6111111111111112					93	100	290	221	True	2	2	3	3	1	1	7	0.75694079	0.91525879	0.15831799999999996	mid	far	LD	LD
208	catch	take	8	False	26	29	42	False		0.7577639751552795	0.7096774193548387					93	35	290	115	True	2	1	3	2	1	1	4	0.8002255	0.79189917	-0.008326330000000048	mid	mid	LPC	LPC
209	catch	seize	8	False	26	29	8	False		0.7577639751552795	0.7421383647798743					93	75	290	43	True	2	2	3	1	1	-1	5	0.66454228	0.84533992	0.18079763999999998	mid	mid	LD	LD
210	cease	abstain	7	False	8	2	2	False		0.8505747126436781	0.7951807228915663					173	43	57	12	True	3	1	1	0	-2	-1	6	0.83752451	0.77456303	-0.06296148000000001	mid	mid	LPC	LPC
211	cease	desist	7	False	8	2	1	False		0.8505747126436781	0.8304093567251463					173	42	57	10	True	3	1	1	0	-2	-1	4	0.77112722	0.58462724	-0.18649998	mid	close	LPC	LPC
212	cease	quit	7	True	8	2	5	True		0.8505747126436781	0.8235294117647058					173	7	57	10	False	3	0	1	0	-2	0	5	0.86521211	0.86046163	-0.004750480000000001	mid	mid	LPC	LPC
213	cease	discontinue	7	True	8	2	3	True		0.8505747126436781	0.8950276243093923		avg	syn		173	1	57	2	False	3	0	1	0	-2	0	9	0.7985624	0.84918608	0.05062367999999995	mid	mid	LD	LPC
214	cease	stop	7	True	8	2	11	True		0.8505747126436781	0.7804878048780488					173	253	57	1060	True	3	3	1	4	-2	1	5	0.71236646	0.74994198	0.03757551999999997	mid	mid	LD	LPC
215	cease	conclude	7	False	8	2	5	False		0.8505747126436781	0.717948717948718					173	55	57	95	True	3	1	1	2	-2	1	6	0.84098454	0.94940645	0.10842191000000001	mid	far	LD	LD
216	cease	terminate	7	True	8	2	4	True		0.8505747126436781	0.88268156424581		avg	syn		173	17	57	11	True	3	0	1	0	-2	0	6	0.77021718	0.81201466	0.041797480000000053	mid	mid	LD	LPC
217	celebrate	commemorate	3	False	5	3	3	False		0.8095238095238095	0.8950276243093923		avg	syn		22	11	102	8	False	0	0	2	0	2	0	5	0.56253438	0.533957	-0.028577379999999986	close	close	LPC	LPC
218	celebrate	keep	3	True	5	3	22	True		0.8095238095238095	0.7654320987654322					22	53	102	74	True	0	1	2	1	2	0	7	0.94633166	1.0343781	0.08804644000000006	far	far	LD	LPC
219	celebrate	observe	3	True	5	3	9	True		0.8095238095238095	0.6666666666666667					22	207	102	115	True	0	3	2	2	2	-1	6	0.87768071	0.86281537	-0.01486534000000006	far	mid	LPC	LPC
220	cherish	encourage	4	False	3	1	3	False		0.7804878048780488	0.7341772151898734					58	41	36	208	True	1	1	1	2	0	1	7	0.68717273	0.7688317	0.08165897	mid	mid	LD	LPC
221	cherish	entertain	4	False	3	1	3	False		0.7804878048780488	0.8372093023255813					58	54	36	57	True	1	1	1	1	0	0	7	0.66753645	0.76813856	0.10060211000000008	mid	mid	LD	LD
222	cherish	nourish	4	False	3	1	2	False		0.7804878048780488	0.8950276243093923		avg	syn		58	17	36	11	True	1	0	1	0	0	0	3	0.65210729	0.76690773	0.11480044	mid	mid	LD	LD
223	cherish	protect	4	False	3	1	2	False		0.7804878048780488	0.7261146496815287					58	78	36	200	True	1	2	1	2	0	0	7	0.70622096	0.7563484	0.05012744000000002	mid	mid	LD	LPC
224	choose	elect	4	False	5	3	2	False		0.7654320987654322	0.7951807228915663					331	17	584	14	True	4	0	4	0	0	0	6	0.60863489	0.73846701	0.12983212	close	mid	LD	LD
225	choose	pick	4	False	5	3	12	False		0.7654320987654322	0.7951807228915663					331	57	584	212	True	4	1	4	2	0	1	6	0.68744758	0.64537648	-0.04207109999999992	mid	mid	LPC	LPC
226	choose	prefer	4	True	5	3	4	True		0.7654320987654322	0.6394557823129252					331	319	584	453	True	4	4	4	4	0	0	6	0.61624694	0.58943726	-0.026809680000000058	mid	close	LPC	LPC
227	cleanse	purify	4	False	1	2	3	False		0.88268156424581	0.8700564971751412	avg	avg	both		9	4	11	3	False	0	0	0	0	0	0	7	0.59104083	0.55307551	-0.03796531999999997	close	close	LPC	LPC
228	cleanse	rinse	4	False	1	2	3	False		0.88268156424581	0.8304093567251463	avg		entry		9	1	11	91	False	0	0	0	1	0	1	4	0.77995234	0.75309934	-0.026853000000000016	mid	mid	LPC	LPC
229	commit	assign	5	False	18	6	8	False		0.6842105263157895	0.75					78	15	92	28	True	2	0	1	0	-1	0	6	0.89512407	0.81642956	-0.07869451000000005	far	mid	LPC	LPC
230	commit	confide	5	True	18	6	2	True		0.6842105263157895	0.8439306358381503					78	12	92	9	False	2	0	1	0	-1	0	4	0.82768976	0.90914798	0.08145821999999991	mid	far	LD	LPC
231	commit	entrust	5	True	18	6	2	True		0.6842105263157895	0.9583333333333334		avgstd	syn	syn	78	4	92	5	False	2	0	1	0	-1	0	6	0.8966053	0.82401815	-0.07258715000000004	far	mid	LPC	LPC
232	compel	coerce	3	False	2	2	1	False		0.6486486486486487	0.8764044943820225		avg	syn		8	21	3	21	False	0	0	0	0	0	0	4	0.66955549	0.63340012	-0.03615537000000002	mid	close	LPC	LPC
233	compel	make	3	False	2	2	49	False		0.6486486486486487	0.7261146496815287					8	70	3	92	False	0	2	0	1	0	-1	5	0.75437706	0.7736485	0.019271439999999918	mid	mid	LD	LPC
234	condemn	reprove	2	False	6	6	1	False		0.7804878048780488	0.9528795811518324		avgstd	syn	syn	51	14	33	1	False	1	0	1	0	0	0	7	0.67171056	0.83701009	0.16529953000000008	mid	mid	LD	LD
235	condemn	denounce	2	False	6	6	4	False		0.7804878048780488	0.88268156424581		avg	syn		51	32	33	16	True	1	1	1	0	0	-1	7	0.62399661	0.80229881	0.17830220000000008	mid	mid	LD	LD
236	confess	accept	9	False	4	3	11	False		0.6577181208053691	0.5915492957746479					325	273	77	318	True	4	3	1	3	-3	0	6	0.74727512	0.66855754	-0.07871757999999995	mid	mid	LPC	LPC
237	confess	allow	9	False	4	3	10	False		0.6577181208053691	0.7577639751552795					325	295	77	673	True	4	4	1	4	-3	0	7	0.85693589	0.8833995	0.02646360999999997	mid	mid	LD	LPC
238	confess	concede	9	True	4	3	4	True		0.6577181208053691	0.7261146496815287					325	22	77	42	True	4	0	1	1	-3	1	3	0.59139305	0.67604419	0.08465114000000007	close	mid	LD	LPC
239	confess	acknowledge	9	False	4	3	6	True	concede	0.6577181208053691	0.717948717948718					325	111	77	152	True	4	2	1	2	-3	0	8	0.49410773	0.61025624	0.11614850999999998	close	close	LD	LD
240	confess	disclose	9	False	4	3	2	False		0.6577181208053691	0.88268156424581		avg	syn		325	30	77	16	True	4	1	1	0	-3	-1	7	0.85744003	0.84477362	-0.012666410000000017	mid	mid	LPC	LPC
241	confess	admit	9	False	4	3	8	True	concede	0.6577181208053691	0.7654320987654322					325	261	77	302	True	4	3	1	3	-3	0	7	0.68158249	0.49523044	-0.18635205000000005	mid	close	LPC	LPC
242	confess	certify	9	False	4	3	5	False		0.6577181208053691	0.6666666666666667					325	6	77	5	False	4	0	1	0	-3	0	6	0.83829152	0.79740082	-0.04089069999999995	mid	mid	LPC	LPC
243	confess	endorse	9	False	4	3	4	False		0.6577181208053691	0.8505747126436781					325	8	77	25	False	4	0	1	0	-3	0	6	0.81171493	0.80623879	-0.005476139999999963	mid	mid	LPC	LPC
244	confess	recognize	9	False	4	3	9	False		0.6577181208053691	0.6013986013986015					325	218	77	318	True	4	3	1	3	-3	0	7	0.68975319	0.71322886	0.02347566999999995	mid	mid	LD	LPC
245	confirm	assure	11	False	6	5	6	False		0.8023952095808383	0.9010989010989012		avg	syn		44	272	70	107	True	1	3	1	2	0	-1	6	0.81661121	0.74061377	-0.07599744000000008	mid	mid	LPC	LPC
246	confirm	fix	11	False	6	5	12	False		0.8023952095808383	0.8165680473372781					44	47	70	184	True	1	1	1	2	0	1	5	0.83258893	0.93234565	0.09975672000000002	mid	far	LD	LD
247	confirm	substantiate	11	True	6	5	4	True		0.8023952095808383	0.9130434782608696		avg	syn		44	5	70	3	False	1	0	1	0	0	0	10	0.83715885	0.73080827	-0.10635057999999997	mid	mid	LPC	LPC
248	confirm	corroborate	11	True	6	5	3	True		0.8023952095808383	0.8888888888888888		avg	syn		44	12	70	17	True	1	0	1	0	0	0	8	0.58971788	0.68096778	0.0912499	close	mid	LD	LPC
249	confirm	prove	11	False	6	5	9	False		0.8023952095808383	0.75					44	269	70	141	True	1	3	1	2	0	-1	7	0.80321484	0.73553832	-0.06767652000000002	mid	mid	LPC	LPC
250	confirm	settle	11	False	6	5	22	False		0.8023952095808383	0.6842105263157895					44	21	70	1	False	1	0	1	0	0	0	7	0.88318087	0.97129467	0.08811380000000002	far	far	LD	LPC
251	confirm	sustain	11	True	6	5	7	True		0.8023952095808383	0.7804878048780488					44	41	70	34	True	1	1	1	1	0	0	7	0.75924892	0.82084372	0.06159480000000006	mid	mid	LD	LPC
252	confirm	establish	11	False	6	5	8	False		0.8023952095808383	0.6928104575163399					44	52	70	129	True	1	1	1	2	0	1	8	0.66618293	0.6984919	0.0323089700000001	mid	mid	LD	LPC
253	confirm	ratify	11	False	6	5	1	False		0.8023952095808383	0.6754966887417219					44	3	70	6	False	1	0	1	0	0	0	6	0.62528826	0.74337899	0.11809072999999992	mid	mid	LD	LD
254	confirm	strengthen	11	False	6	5	3	False		0.8023952095808383	0.5815602836879432					44	32	70	26	True	1	1	1	0	0	-1	9	0.55559424	0.71326935	0.15767511	close	mid	LD	LD
255	confirm	uphold	11	False	6	5	3	False		0.8023952095808383	0.7951807228915663					44	13	70	10	True	1	0	1	0	0	0	7	0.75562309	0.87150468	0.11588158999999998	mid	mid	LD	LD
256	conquer	overcome	7	False	6	3	4	False		0.7878787878787878	0.7878787878787878					35	50	14	35	True	1	1	0	1	-1	0	8	0.72013825	0.68531399	-0.03482425999999994	mid	mid	LPC	LPC
257	conquer	surmount	7	False	6	3	4	False		0.7878787878787878	0.9583333333333334		avgstd	syn	syn	35	11	14	11	True	1	0	0	0	-1	0	7	0.83879541	0.96277638	0.12398096999999997	mid	far	LD	LD
258	conquer	reduce	7	False	6	3	20	False		0.7878787878787878	0.7951807228915663					35	43	14	374	True	1	1	0	3	-1	2	6	0.87158611	0.98197772	0.11039161000000008	far	far	LD	LD
259	conquer	win	7	False	6	3	5	False		0.7878787878787878	0.6842105263157895					35	24	14	230	True	1	1	0	3	-1	2	6	0.66108047	0.71987011	0.058789639999999976	mid	mid	LD	LPC
260	conquer	subdue	7	True	6	3	6	True		0.7878787878787878	0.8505747126436781					35	14	14	4	False	1	0	0	0	-1	0	5	0.51145457	0.61781898	0.10636440999999996	close	close	LD	LD
261	convey	carry	5	True	11	7	40	True		0.7730061349693251	0.6928104575163399					46	444	63	715	True	1	4	1	4	0	0	4	0.71691703	0.76306194	0.046144910000000094	mid	mid	LD	LPC
262	convey	give	5	False	11	7	44	True	get	0.7730061349693251	0.5815602836879432					46	3078	63	3385	True	1	4	1	4	0	0	4	0.6920512	0.68197894	-0.010072259999999944	mid	mid	LPC	LPC
263	convey	remove	5	False	11	7	8	False		0.7730061349693251	0.8023952095808383					46	4	63	14	False	1	0	1	0	0	0	5	0.8570169	0.9428383	0.08582140000000005	mid	far	LD	LPC
264	convey	transmit	5	True	11	7	4	True		0.7730061349693251	0.7341772151898734					46	9	63	43	False	1	0	1	1	0	1	7	0.65189644	0.76899512	0.11709868000000001	mid	mid	LD	LD
265	convey	sell	5	False	11	7	8	True	carry	0.7730061349693251	0.5714285714285714					46	13	63	27	True	1	0	1	0	0	0	6	0.64858548	0.62465749	-0.02392799000000001	mid	close	LPC	LPC
266	demolish	destroy	2	True	7	4	4	True		0.9949748743718592	0.6577181208053691	avgstd		entry	entry	3	96	7	133	False	0	2	0	2	0	0	6	0.68881967	0.81435855	0.12553888000000002	mid	mid	LD	LD
267	demolish	overturn	2	False	7	4	6	False		0.9949748743718592	0.941798941798942	avgstd	avg	both	entry	3	4	7	5	False	0	0	0	0	0	0	8	0.65949186	0.8940368	0.23454493999999992	mid	mid	LD	LD
268	die	cease	6	False	27	11	2	False		0.7654320987654322	0.8505747126436781					70	173	51	57	True	2	3	1	1	-1	-2	4	0.8253314	0.93850048	0.11316907999999992	mid	far	LD	LD
269	die	expire	6	True	27	11	3	True		0.7654320987654322	0.8372093023255813					70	13	51	19	True	2	0	1	0	-1	0	4	0.80999519	0.83599846	0.026003270000000023	mid	mid	LD	LPC
270	die	perish	6	True	27	11	1	True		0.7654320987654322	0.7730061349693251					70	72	51	20	True	2	2	1	0	-1	-2	5	0.53175823	0.67384253	0.14208430000000005	close	mid	LD	LD
271	die	depart	6	False	27	11	6	False		0.7654320987654322	0.75					70	86	51	53	True	2	2	1	1	-1	-1	5	0.74507386	0.7723341	0.027260240000000047	mid	mid	LD	LPC
272	die	fade	6	False	27	11	4	False		0.7654320987654322	0.8165680473372781					70	80	51	289	True	2	2	1	3	-1	1	3	0.6833793	0.75260081	0.06922150999999999	mid	mid	LD	LPC
273	die	wither	6	False	27	11	2	False		0.7654320987654322	0.8505747126436781					70	9	51	7	False	2	0	1	0	-1	0	4	0.69657876	0.7012151	0.0046363400000000166	mid	mid	LPC	LPC
274	discern	behold	7	False	7	1	1	False		0.7804878048780488	0.7012987012987013					25	396	11	61	True	1	4	0	1	-1	-3	7	0.78588073	0.78021421	-0.005666520000000008	mid	mid	LPC	LPC
275	discern	discriminate	7	False	7	1	3	False		0.7804878048780488	0.8700564971751412		avg	syn		25	3	11	13	False	1	0	0	0	-1	0	7	0.64384766	0.69238814	0.04854048	mid	mid	LD	LPC
276	discern	observe	7	False	7	1	9	True	detect	0.7804878048780488	0.6666666666666667					25	207	11	115	True	1	3	0	2	-1	-1	5	0.70951087	0.67610663	-0.033404239999999974	mid	mid	LPC	LPC
277	discern	recognize	7	True	7	1	9	True		0.7804878048780488	0.6013986013986015					25	218	11	318	True	1	3	0	3	-1	0	8	0.69418006	0.60483729	-0.08934277000000002	mid	close	LPC	LPC
278	discern	distinguish	7	True	7	1	5	True		0.7804878048780488	0.6486486486486487					25	66	11	55	True	1	2	0	1	-1	-1	8	0.57866512	0.54712186	-0.03154326000000007	close	close	LPC	LPC
279	discern	perceive	7	False	7	1	2	True	distinguish	0.7804878048780488	0.6842105263157895					25	117	11	144	True	1	2	0	2	-1	0	6	0.47304811	0.47605806	0.0030099499999999835	close	close	LPC	LPC
280	discern	see	7	False	7	1	24	False		0.7804878048780488	0.6928104575163399					25	41	11	35	True	1	1	0	1	-1	0	5	0.81401622	0.7861759	-0.02784031999999992	mid	mid	LPC	LPC
281	discover	ascertain	7	False	38	8	4	True	detect	0.6111111111111112	0.717948717948718					100	22	221	2	False	2	0	3	0	1	0	8	0.59215052	0.59429075	0.002140229999999965	close	close	LPC	LPC
282	discover	detect	7	True	38	8	1	True		0.6111111111111112	0.8165680473372781					100	20	221	39	True	2	0	3	1	1	1	7	0.46987946	0.7808501	0.31097063999999996	close	mid	LD	LD
283	discover	disclose	7	True	38	8	2	True		0.6111111111111112	0.88268156424581		avg	syn		100	30	221	16	True	2	1	3	0	1	-1	3	0.62679365	0.74458183	0.11778818000000002	mid	mid	LD	LD
284	discover	discern	7	False	38	8	1	True	detect	0.6111111111111112	0.7804878048780488					100	25	221	11	True	2	1	3	0	1	-1	3	0.56605683	0.64133346	0.07527663000000007	close	close	LD	LPC
285	discover	expose	7	True	38	8	9	True		0.6111111111111112	0.8372093023255813					100	37	221	67	True	2	1	3	1	1	0	6	0.86017608	0.80043658	-0.059739500000000056	mid	mid	LPC	LPC
286	discover	find	7	True	38	8	16	True		0.6111111111111112	0.6666666666666667					100	35	221	48	True	2	1	3	1	1	0	7	0.56964638	0.4703081	-0.09933828	close	close	LPC	LPC
287	discover	invent	7	False	38	8	2	False		0.6111111111111112	0.8235294117647058					100	14	221	37	True	2	0	3	1	1	1	6	0.71140243	0.63362463	-0.07777780000000001	mid	close	LPC	LPC
288	displace	confuse	3	False	12	4	5	False		0.9304812834224598	0.8636363636363636	avg	avg	both		3	12	3	35	False	0	0	0	1	0	1	7	0.8013228	0.90146072	0.10013791999999999	mid	mid	LD	LD
289	displace	disturb	3	False	12	4	5	False		0.9304812834224598	0.75	avg		entry		3	44	3	28	False	0	1	0	0	0	-1	5	0.822759	0.77662777	-0.04613122999999997	mid	mid	LPC	LPC
290	displace	remove	3	False	12	4	8	False		0.9304812834224598	0.8023952095808383	avg		entry		3	4	3	14	False	0	0	0	0	0	0	7	0.7582206	0.86301755	0.10479695	mid	mid	LD	LD
291	draw	drag	5	True	39	36	11	True		0.7804878048780488	0.907103825136612		avg	syn		48	1	157	3	False	1	0	2	0	1	0	1	0.74254887	0.70285421	-0.03969465999999999	mid	mid	LPC	LPC
292	draw	induce	5	False	39	36	5	False		0.7804878048780488	0.8095238095238095					48	50	157	14	True	1	1	2	0	1	-1	5	0.81163543	0.93051494	0.11887950999999997	mid	far	LD	LD
293	draw	attract	5	True	39	36	3	True		0.7804878048780488	0.7654320987654322					48	55	157	102	True	1	1	2	2	1	1	5	0.84348725	0.88141947	0.03793221999999996	mid	mid	LD	LPC
294	draw	entice	5	False	39	36	1	False		0.7804878048780488	0.9690721649484536		avgstd	syn	syn	48	19	157	40	True	1	0	2	1	1	1	6	0.93715933	0.85508987	-0.08206945999999993	far	mid	LPC	LPC
295	draw	pull	5	True	39	36	17	True		0.7804878048780488	0.7261146496815287					48	141	157	220	True	1	3	2	3	1	0	4	0.76646685	0.70925645	-0.057210399999999995	mid	mid	LPC	LPC
296	emigrate	migrate	1	False	0	1	2	False		0.8636363636363636	0.8764044943820225	avg	avg	both		5	2	3	29	False	0	0	0	0	0	0	1	0.73993251	0.72521003	-0.014722480000000093	mid	mid	LPC	LPC
297	employ	call	3	False	6	2	28	False		0.7577639751552795	0.7577639751552795					97	1112	14	2187	True	2	4	0	4	-2	0	5	0.85514046	0.89886321	0.04372275000000003	mid	mid	LD	LPC
298	employ	engage	3	True	6	2	10	True		0.7577639751552795	0.7730061349693251					97	50	14	134	True	2	1	0	2	-2	1	5	0.64911962	0.68811627	0.038996649999999966	mid	mid	LD	LPC
299	employ	hire	3	True	6	2	3	True		0.7577639751552795	0.8505747126436781					97	55	14	51	True	2	1	0	1	-2	0	6	0.72406688	0.56070917	-0.16335771	mid	close	LPC	LPC
300	endure	abide	8	True	26	7	2	True		0.7804878048780488	0.8023952095808383					35	50	39	17	True	1	1	1	0	0	-1	5	0.81865912	0.76797626	-0.050682859999999996	mid	mid	LPC	LPC
301	endure	sustain	8	False	26	7	7	True	survive	0.7804878048780488	0.7804878048780488					35	41	39	34	True	1	1	1	1	0	0	7	0.69661621	0.67756662	-0.01904958999999995	mid	mid	LPC	LPC
302	endure	afford	8	False	26	7	4	False		0.7804878048780488	0.7421383647798743					35	145	39	30	True	1	3	1	0	0	-3	5	0.79476404	0.71001818	-0.08474585999999995	mid	mid	LPC	LPC
303	endure	permit	8	False	26	7	3	False		0.7804878048780488	0.7577639751552795					35	57	39	145	True	1	1	1	2	0	1	6	0.84958741	0.904672	0.05508458999999999	mid	far	LD	LPC
304	endure	suffer	8	True	26	7	11	True		0.7804878048780488	0.6577181208053691					35	294	39	279	True	1	4	1	3	0	-1	6	0.52904059	0.54547377	0.016433179999999936	close	close	LPC	LPC
305	endure	tolerate	8	True	26	7	4	True		0.7804878048780488	0.8023952095808383					35	12	39	28	True	1	0	1	0	0	0	6	0.6428702	0.61753408	-0.025336119999999962	mid	close	LPC	LPC
306	endure	allow	8	False	26	7	10	False		0.7804878048780488	0.7577639751552795					35	295	39	673	True	1	4	1	4	0	0	6	0.84349744	0.87220728	0.028709839999999986	mid	mid	LD	LPC
307	endure	undergo	8	False	26	7	1	False		0.7804878048780488	0.7730061349693251					35	21	39	51	True	1	0	1	1	0	1	4	0.59676986	0.76559181	0.16882195	close	mid	LD	LD
308	entertain	amuse	8	False	8	3	2	False		0.8372093023255813	0.88268156424581		avg	syn		54	42	57	10	True	1	1	1	0	0	-1	9	0.69419069	0.64945183	-0.04473886000000005	mid	mid	LPC	LPC
309	entertain	please	8	False	8	3	3	False		0.8372093023255813	0.7096774193548387					54	136	57	37	True	1	2	1	1	0	-1	7	0.81538664	0.92939128	0.11400463999999999	mid	far	LD	LD
310	entertain	beguile	8	False	8	3	2	False		0.8372093023255813	0.9528795811518324		avgstd	syn	syn	54	35	57	3	False	1	1	1	0	0	-1	8	0.85911397	0.88799139	0.028877420000000042	mid	mid	LD	LPC
311	entertain	divert	8	False	8	3	4	False		0.8372093023255813	0.8505747126436781					54	17	57	11	True	1	0	1	0	0	0	6	0.75071934	0.81315388	0.06243454000000004	mid	mid	LD	LPC
312	entertain	gratify	8	False	8	3	2	False		0.8372093023255813	0.8888888888888888		avg	syn		54	11	57	1	False	1	0	1	0	0	0	8	0.69461644	0.76054663	0.06593019	mid	mid	LD	LPC
313	entertain	occupy	8	False	8	3	8	False		0.8372093023255813	0.6754966887417219					54	132	57	92	True	1	2	1	1	0	-1	9	0.83553656	0.87834781	0.04281124999999997	mid	mid	LD	LPC
314	execute	administer	3	False	10	7	5	True	perform	0.7577639751552795	0.7730061349693251					9	23	27	18	False	0	0	0	0	0	0	8	0.62819743	0.63273106	0.004533630000000066	mid	close	LPC	LPC
315	execute	enforce	3	False	10	7	2	False		0.7577639751552795	0.6486486486486487					9	23	27	27	False	0	0	0	0	0	0	5	0.66150181	0.64805316	-0.013448649999999951	mid	mid	LPC	LPC
316	execute	perform	3	True	10	7	4	True		0.7577639751552795	0.717948717948718					9	76	27	227	False	0	2	0	3	0	1	7	0.49125943	0.64509864	0.15383920999999995	close	mid	LD	LD
317	fluctuate	hesitate	4	False	2	3	2	False		0.941798941798942	0.717948717948718	avg		entry		1	57	7	40	False	0	1	0	1	0	0	5	1.09384405	1.00023232	-0.0936117299999999	far	far	LPC	LPC
318	fluctuate	vary	4	False	2	3	4	False		0.941798941798942	0.7012987012987013	avg		entry		1	91	7	257	False	0	2	0	3	0	1	8	0.76147607	0.6508178	-0.11065826999999995	mid	mid	LPC	LPC
319	fluctuate	waver	4	True	2	3	7	True		0.941798941798942	0.9583333333333334	avg	avgstd	both	syn	1	8	7	9	False	0	0	0	0	0	0	8	0.90932471	0.91132045	0.0019957399999999126	far	far	LPC	LPC
320	follow	accompany	9	True	27	24	4	True		0.7261146496815287	0.6666666666666667					630	61	889	48	True	4	1	4	1	0	0	8	0.76898175	0.73478637	-0.03419538	mid	mid	LPC	LPC
321	follow	obey	9	False	27	24	1	True	comply	0.7261146496815287	0.6754966887417219					630	94	889	69	True	4	2	4	1	0	-1	5	0.65904993	0.72264519	0.06359526000000004	mid	mid	LD	LPC
322	follow	pursue	9	True	27	24	4	True		0.7261146496815287	0.7804878048780488					630	65	889	57	True	4	2	4	1	0	-1	6	0.55137825	0.73872676	0.18734851000000008	close	mid	LD	LD
323	follow	attend	9	False	27	24	5	False		0.7261146496815287	0.6754966887417219					630	133	889	187	True	4	2	4	2	0	0	6	0.76815142	0.77196813	0.0038167099999999454	mid	mid	LPC	LPC
324	follow	observe	9	True	27	24	9	True		0.7261146496815287	0.6666666666666667					630	207	889	115	True	4	3	4	2	0	-1	7	0.76415856	0.73042809	-0.03373047000000007	mid	mid	LPC	LPC
325	follow	ensue	9	False	27	24	1	False		0.7261146496815287	0.8888888888888888		avg	syn		630	7	889	3	False	4	0	4	0	0	0	6	0.73361385	0.99122712	0.25761327	mid	far	LD	LD
326	follow	imitate	9	False	27	24	3	False		0.7261146496815287	0.7421383647798743					630	24	889	21	True	4	1	4	0	0	-1	7	0.69737145	0.76099321	0.06362175999999997	mid	mid	LD	LPC
327	follow	practise	9	False	27	24	3	False		0.7261146496815287	0.8023952095808383					630	2	889	2	False	4	0	4	0	0	0	8	0.8389244	0.87841768	0.039493279999999964	mid	mid	LD	LPC
328	follow	succeed	9	True	27	24	2	True		0.7261146496815287	0.6666666666666667					630	110	889	93	True	4	2	4	2	0	0	7	0.80193062	0.92448439	0.12255377	mid	far	LD	LD
329	frighten	intimidate	3	False	3	1	2	False		0.8235294117647058	0.8505747126436781					21	3	22	12	False	0	0	0	0	0	0	8	0.71284684	0.69531752	-0.01752931999999996	mid	mid	LPC	LPC
330	frighten	terrify	3	False	3	1	1	False		0.8235294117647058	0.979591836734694		avgstd	syn	syn	21	7	22	5	False	0	0	0	0	0	0	8	0.7161826	0.81736967	0.10118707000000005	mid	mid	LD	LD
331	get	achieve	8	False	69	36	1	False		0.6301369863013699	0.7261146496815287					2654	17	10187	93	True	4	0	4	2	0	2	6	0.8261082	0.82824017	0.002131970000000094	mid	mid	LPC	LPC
332	get	attain	8	False	69	36	4	False		0.6301369863013699	0.7012987012987013					2654	68	10187	20	True	4	2	4	0	0	-2	5	0.84154602	0.85068867	0.00914265000000003	mid	mid	LPC	LPC
333	get	procure	8	False	69	36	2	False		0.6301369863013699	0.8304093567251463					2654	19	10187	1	False	4	0	4	0	0	0	7	0.7005865	0.82842486	0.12783836000000004	mid	mid	LD	LD
334	get	acquire	8	True	69	36	7	True		0.6301369863013699	0.6754966887417219					2654	65	10187	69	True	4	2	4	1	0	-1	7	0.80855786	0.83378697	0.025229110000000055	mid	mid	LD	LPC
335	get	earn	8	False	69	36	2	False		0.6301369863013699	0.6666666666666667					2654	56	10187	184	True	4	1	4	2	0	1	4	0.67254092	0.72371496	0.05117404000000003	mid	mid	LD	LPC
336	get	obtain	8	True	69	36	3	True		0.6301369863013699	0.7421383647798743					2654	106	10187	58	True	4	2	4	1	0	-1	5	0.61312102	0.73768242	0.12456139999999993	mid	mid	LD	LD
337	get	receive	8	True	69	36	13	True		0.6301369863013699	0.6842105263157895					2654	344	10187	406	True	4	4	4	3	0	-1	6	0.82080783	0.82186971	0.0010618799999999595	mid	mid	LPC	LPC
338	get	win	8	False	69	36	5	False		0.6301369863013699	0.6842105263157895					2654	24	10187	230	True	4	1	4	3	0	2	3	0.66476977	0.73418202	0.06941224999999995	mid	mid	LD	LPC
339	give	bestow	6	False	40	44	3	False		0.5815602836879432	0.8636363636363636		avg	syn		3078	31	3385	12	True	4	1	4	0	0	-1	6	0.76350302	0.77528564	0.011782619999999966	mid	mid	LPC	LPC
340	give	communicate	6	False	40	44	7	False		0.5815602836879432	0.8571428571428572		avg	syn		3078	18	3385	73	True	4	0	4	1	0	1	9	0.87493372	0.92330504	0.048371319999999995	far	far	LD	LPC
341	give	deliver	6	False	40	44	12	False		0.5815602836879432	0.7341772151898734					3078	70	3385	145	True	4	2	4	2	0	0	4	0.8062118	0.75704712	-0.04916468000000007	mid	mid	LPC	LPC
342	give	cede	6	False	40	44	2	False		0.5815602836879432	0.8505747126436781					3078	12	3385	21	True	4	0	4	0	0	0	3	0.88383126	0.97009278	0.08626151999999998	far	far	LD	LPC
343	give	confer	6	False	40	44	2	False		0.5815602836879432	0.8095238095238095					3078	21	3385	11	True	4	0	4	0	0	0	5	0.92997596	0.81578216	-0.11419380000000001	far	mid	LPC	LPC
344	give	furnish	6	False	40	44	2	False		0.5815602836879432	0.7878787878787878					3078	164	3385	15	True	4	3	4	0	0	-3	6	0.7172717	0.71555139	-0.0017203099999999472	mid	mid	LPC	LPC
345	govern	manage	2	False	5	4	7	False		0.7577639751552795	0.75					81	79	52	191	True	2	2	1	2	-1	0	6	0.64135974	0.70686414	0.06550440000000002	mid	mid	LD	LPC
346	govern	restrain	2	False	5	4	4	False		0.7577639751552795	0.7261146496815287					81	15	52	9	False	2	0	1	0	-1	0	6	0.7931525	0.81673053	0.023578029999999917	mid	mid	LD	LPC
347	happen	befall	2	True	16	5	2	True		0.6394557823129252	0.7730061349693251					228	17	546	5	False	3	0	4	0	1	0	6	0.53316334	0.67021425	0.13705091000000003	close	mid	LD	LD
348	happen	occur	2	True	16	5	3	True		0.6394557823129252	0.6577181208053691					228	205	546	361	True	3	3	4	3	1	0	6	0.50300083	0.64141825	0.13841742	close	close	LD	LD
349	hide	bury	5	False	9	4	6	False		0.8439306358381503	0.8372093023255813					111	55	155	63	True	2	1	2	1	0	0	4	0.77571453	0.69914204	-0.07657248999999999	mid	mid	LPC	LPC
350	hide	overwhelm	5	False	9	4	4	False		0.8439306358381503	0.9130434782608696		avg	syn		111	11	155	12	True	2	0	2	0	0	0	8	0.92944743	0.79912365	-0.13032378	far	mid	LPC	LPC
351	hide	suppress	5	False	9	4	5	False		0.8439306358381503	0.75					111	10	155	20	True	2	0	2	0	0	0	7	0.85020277	0.82409308	-0.026109689999999963	mid	mid	LPC	LPC
352	hide	conceal	5	True	9	4	2	True		0.8439306358381503	0.75					111	35	155	26	True	2	1	2	0	0	-1	6	0.42597946	0.44885163	0.022872170000000025	close	close	LD	LPC
353	hide	secrete	5	False	9	4	2	False		0.8439306358381503	0.9189189189189187		avg	syn		111	11	155	7	False	2	0	2	0	0	0	6	0.87449326	0.97642459	0.10193132999999999	far	far	LD	LD
354	hinder	baffle	13	False	9	3	3	False		0.8095238095238095	0.9949748743718592		avgstd	syn	syn	22	9	8	6	False	0	0	0	0	0	0	6	0.93258394	0.9983998	0.06581585999999995	far	far	LD	LPC
355	hinder	obstruct	13	True	9	3	3	True		0.8095238095238095	0.7341772151898734					22	9	8	3	False	0	0	0	0	0	0	8	0.60884279	0.58044036	-0.02840242999999998	close	close	LPC	LPC
356	hinder	retard	13	False	9	3	4	False		0.8095238095238095	0.8372093023255813					22	1	8	10	False	0	0	0	0	0	0	6	0.65316896	0.74035785	0.08718888999999996	mid	mid	LD	LPC
357	hinder	counteract	13	False	9	3	4	False		0.8095238095238095	0.7654320987654322					22	4	8	2	False	0	0	0	0	0	0	7	0.84122183	0.81171687	-0.029504959999999913	mid	mid	LPC	LPC
358	hinder	frustrate	13	False	9	3	2	False		0.8095238095238095	0.9189189189189187		avg	syn		22	8	8	28	False	0	0	0	0	0	0	8	0.89722276	0.81601654	-0.08120622	far	mid	LPC	LPC
359	hinder	oppose	13	False	9	3	6	False		0.8095238095238095	0.7878787878787878					22	50	8	104	False	0	1	0	2	0	1	6	0.78358045	0.65839924	-0.12518120999999993	mid	mid	LPC	LPC
360	hinder	stay	13	False	9	3	11	False		0.8095238095238095	0.7096774193548387					22	340	8	304	False	0	4	0	3	0	-1	6	0.86364158	0.85695764	-0.006683940000000055	mid	mid	LPC	LPC
361	hinder	prevent	13	False	9	3	2	True	impede	0.8095238095238095	0.6394557823129252					22	123	8	151	False	0	2	0	2	0	0	6	0.54133815	0.60374606	0.06240791000000001	close	close	LD	LPC
362	hinder	stop	13	False	9	3	11	False		0.8095238095238095	0.7804878048780488					22	253	8	1060	False	0	3	0	4	0	1	6	0.8196197	0.77714403	-0.042475669999999965	mid	mid	LPC	LPC
363	hinder	embarrass	13	True	9	3	2	True		0.8095238095238095	0.9010989010989012		avg	syn		22	6	8	13	False	0	0	0	0	0	0	8	0.82277354	0.77701201	-0.04576153000000005	mid	mid	LPC	LPC
364	hinder	impede	13	True	9	3	2	True		0.8095238095238095	0.7730061349693251					22	7	8	20	False	0	0	0	0	0	0	5	0.64685169	0.50168653	-0.14516516000000002	mid	close	LPC	LPC
365	hinder	resist	13	False	9	3	6	False		0.8095238095238095	0.7421383647798743					22	45	8	97	False	0	1	0	2	0	1	6	0.81453739	0.82525025	0.010712859999999935	mid	mid	LPC	LPC
366	immerse	bury	3	True	10	4	6	True		0.979591836734694	0.8372093023255813	avgstd		entry	entry	5	55	17	63	False	0	1	0	1	0	0	6	0.96269882	0.88655452	-0.07614429999999994	far	mid	LPC	LPC
367	interpose	arbitrate	7	False	8	4	1	False		0.941798941798942	0.8700564971751412	avg	avg	both		35	20	3	6	False	1	0	0	0	-1	0	8	0.82709662	0.8151099	-0.011986719999999895	mid	mid	LPC	LPC
368	interpose	intercept	7	False	8	4	2	False		0.941798941798942	0.9583333333333334	avg	avgstd	both	syn	35	2	3	11	False	1	0	0	0	-1	0	4	0.79599345	0.91898938	0.12299592999999998	mid	far	LD	LD
369	interpose	meddle	7	False	8	4	1	False		0.941798941798942	0.8950276243093923	avg	avg	both		35	60	3	15	False	1	1	0	0	-1	-1	7	0.88733807	0.95582954	0.06849147	far	far	LD	LPC
370	interpose	intercede	7	False	8	4	1	False		0.941798941798942	0.8764044943820225	avg	avg	both		35	3	3	1	False	1	0	0	0	-1	0	3	0.82326918	0.91978424	0.09651505999999999	mid	far	LD	LPC
371	interpose	interfere	7	True	8	4	2	True		0.941798941798942	0.6206896551724138	avg		entry		35	65	3	34	False	1	2	0	1	-1	-1	3	0.7127003	0.93335926	0.22065896000000007	mid	far	LD	LD
372	interpose	interrupt	7	False	8	4	4	False		0.941798941798942	0.8700564971751412	avg	avg	both		35	18	3	17	False	1	0	0	0	-1	0	4	0.73424832	0.94140199	0.20715367000000007	mid	far	LD	LD
373	interpose	mediate	7	False	8	4	2	False		0.941798941798942	0.907103825136612	avg	avg	both		35	2	3	13	False	1	0	0	0	-1	0	7	0.75183652	0.80978596	0.05794944000000002	mid	mid	LD	LPC
374	involve	complicate	7	False	11	7	2	False		0.7341772151898734	0.941798941798942		avg	syn		43	8	216	9	False	1	0	3	0	2	0	8	0.86573179	0.83624843	-0.02948335999999996	mid	mid	LPC	LPC
375	involve	include	7	False	11	7	4	True	require	0.7341772151898734	0.7730061349693251					43	118	216	1866	True	1	2	3	4	2	2	4	0.71864026	0.6636536	-0.054986660000000076	mid	mid	LPC	LPC
376	involve	embarrass	7	False	11	7	2	False		0.7341772151898734	0.9010989010989012		avg	syn		43	6	216	13	False	1	0	3	0	2	0	9	0.81693945	0.86063406	0.04369460999999997	mid	mid	LD	LPC
377	involve	entangle	7	False	11	7	2	False		0.7341772151898734	0.9690721649484536		avgstd	syn	syn	43	8	216	5	False	1	0	3	0	2	0	6	0.92704346	1.0330019	0.10595843999999988	far	far	LD	LD
378	involve	imply	7	True	11	7	5	True		0.7341772151898734	0.6754966887417219					43	39	216	63	True	1	1	3	1	2	0	5	0.58217682	0.70972377	0.12754694999999994	close	mid	LD	LD
379	involve	overwhelm	7	False	11	7	4	False		0.7341772151898734	0.9130434782608696		avg	syn		43	11	216	12	True	1	0	3	0	2	0	8	0.86670077	0.88345355	0.016752780000000023	mid	mid	LPC	LPC
380	keep	carry	15	False	21	22	40	False		0.7654320987654322	0.6928104575163399					53	444	74	715	True	1	4	1	4	0	0	5	0.81565675	0.81148543	-0.004171320000000089	mid	mid	LPC	LPC
381	keep	defend	15	False	21	22	7	False		0.7654320987654322	0.6666666666666667					53	61	74	68	True	1	1	1	1	0	0	4	0.79192593	0.8540109	0.06208497000000002	mid	mid	LD	LPC
382	keep	hold	15	True	21	22	36	True		0.7654320987654322	0.7096774193548387					53	1226	74	959	True	1	4	1	4	0	0	4	0.68390398	0.62335694	-0.060547039999999996	mid	close	LPC	LPC
383	keep	preserve	15	True	21	22	6	True		0.7654320987654322	0.6206896551724138					53	12	74	75	True	1	0	1	1	0	1	6	0.6320649	0.74899803	0.11693312999999994	mid	mid	LD	LD
384	keep	retain	15	True	21	22	4	True		0.7654320987654322	0.6577181208053691					53	100	74	108	True	1	2	1	2	0	0	5	0.79280231	0.72630934	-0.06649296999999998	mid	mid	LPC	LPC
385	keep	detain	15	False	21	22	3	False		0.7654320987654322	0.8439306358381503					53	8	74	5	False	1	0	1	0	0	0	5	0.80114256	0.87407775	0.07293519000000004	mid	mid	LD	LPC
386	keep	maintain	15	True	21	22	10	True		0.7654320987654322	0.7012987012987013					53	143	74	240	True	1	3	1	3	0	0	8	0.63169923	0.64907731	0.017378080000000073	mid	mid	LPC	LPC
387	keep	protect	15	False	21	22	2	False		0.7654320987654322	0.7261146496815287					53	78	74	200	True	1	2	1	2	0	0	6	0.68178329	0.7225912	0.04080790999999995	mid	mid	LD	LPC
388	keep	celebrate	15	True	21	22	3	True		0.7654320987654322	0.8095238095238095					53	22	74	102	True	1	0	1	2	0	2	7	0.94633166	1.0343781	0.08804644000000006	far	far	LD	LPC
389	keep	fulfil	15	False	21	22	3	False		0.7654320987654322	0.717948717948718					53	22	74	3	False	1	0	1	0	0	0	6	0.87028093	0.85628651	-0.013994419999999952	far	mid	LPC	LPC
390	keep	obey	15	False	21	22	1	False		0.7654320987654322	0.6754966887417219					53	94	74	69	True	1	2	1	1	0	-1	3	0.92238769	0.80856896	-0.11381872999999998	far	mid	LPC	LPC
391	keep	sustain	15	True	21	22	7	True		0.7654320987654322	0.7804878048780488					53	41	74	34	True	1	1	1	1	0	0	7	0.88354081	0.81917403	-0.06436677999999996	far	mid	LPC	LPC
392	keep	observe	15	True	21	22	9	True		0.7654320987654322	0.6666666666666667					53	207	74	115	True	1	3	1	2	0	-1	6	0.89309549	0.83021052	-0.06288497000000004	far	mid	LPC	LPC
393	keep	restrain	15	True	21	22	4	True		0.7654320987654322	0.7261146496815287					53	15	74	9	False	1	0	1	0	0	0	7	0.84314405	0.79433445	-0.04880960000000001	mid	mid	LPC	LPC
394	keep	withhold	15	False	21	22	2	False		0.7654320987654322	0.7951807228915663					53	18	74	4	False	1	0	1	0	0	0	8	0.85700734	0.86259569	0.00558835000000002	mid	mid	LPC	LPC
395	kill	execute	1	False	14	15	7	False		0.6013986013986015	0.7577639751552795					12	9	96	27	False	0	0	2	0	2	0	7	0.92555754	0.83160005	-0.09395748999999998	far	mid	LPC	LPC
396	listen	attend	3	False	4	3	5	False		0.7261146496815287	0.6754966887417219					6	133	15	187	False	0	2	0	2	0	0	4	0.75005913	0.72108937	-0.028969760000000067	mid	mid	LPC	LPC
397	listen	hark	3	False	4	3	1	False		0.7261146496815287	0.9189189189189187		avg	syn		6	14	15	4	False	0	0	0	0	0	0	6	0.71761296	0.90893457	0.19132161000000003	mid	far	LD	LD
398	listen	hear	3	True	4	3	5	True		0.7261146496815287	0.6111111111111112					6	1446	15	2018	False	0	4	0	4	0	0	6	0.42147496	0.41643551	-0.005039450000000001	close	close	LPC	LPC
399	look	behold	6	False	19	10	1	False		0.6928104575163399	0.7012987012987013					3055	396	4592	61	True	4	4	4	1	0	-3	5	0.69325577	0.80159671	0.10834093999999994	mid	mid	LD	LD
400	look	discern	6	False	19	10	1	False		0.6928104575163399	0.7804878048780488					3055	25	4592	11	True	4	1	4	0	0	-1	7	0.86293116	0.85801119	-0.004919969999999996	mid	mid	LPC	LPC
401	look	inspect	6	False	19	10	3	False		0.6928104575163399	0.7878787878787878					3055	4	4592	44	False	4	0	4	1	0	1	7	0.75451439	0.84909632	0.09458193000000004	mid	mid	LD	LPC
402	look	see	6	True	19	10	24	True		0.6928104575163399	0.6928104575163399					3055	41	4592	35	True	4	1	4	1	0	0	4	0.61519198	0.61942428	0.004232300000000078	mid	close	LPC	LPC
403	look	contemplate	6	False	19	10	4	False		0.6928104575163399	0.8636363636363636		avg	syn		3055	44	4592	32	True	4	1	4	1	0	0	10	0.69530895	0.77619736	0.08088840999999991	mid	mid	LD	LPC
404	look	scan	6	False	19	10	7	False		0.6928104575163399	0.979591836734694		avgstd	syn	syn	3055	4	4592	124	False	4	0	4	2	0	2	4	0.7844034	0.89988698	0.11548358000000003	mid	mid	LD	LD
405	make	become	13	False	66	49	4	False		0.7261146496815287	0.7730061349693251					70	1237	92	1732	True	2	4	1	4	-1	0	5	0.85675218	0.77983789	-0.07691428999999994	mid	mid	LPC	LPC
406	make	construct	13	True	66	49	6	True		0.7261146496815287	0.7730061349693251					70	13	92	77	True	2	0	1	1	-1	1	9	0.7224372	0.76655519	0.04411799000000005	mid	mid	LD	LPC
407	make	create	13	True	66	49	6	True		0.7261146496815287	0.8023952095808383					70	79	92	490	True	2	2	1	4	-1	2	4	0.72479944	0.76068519	0.03588575000000005	mid	mid	LD	LPC
408	make	perform	13	False	66	49	4	False		0.7261146496815287	0.717948717948718					70	76	92	227	True	2	2	1	3	-1	1	7	0.78533452	0.79161784	0.006283319999999981	mid	mid	LPC	LPC
409	make	reach	13	True	66	49	9	True		0.7261146496815287	0.7730061349693251					70	612	92	515	True	2	4	1	4	-1	0	4	0.99838176	0.85650899	-0.14187276999999998	far	mid	LPC	LPC
410	make	get	13	True	66	49	36	True		0.7261146496815287	0.6301369863013699					70	2654	92	10187	True	2	4	1	4	-1	0	4	0.63302441	0.69485389	0.06182947999999999	mid	mid	LD	LPC
411	make	render	13	False	66	49	13	False		0.7261146496815287	0.8700564971751412		avg	syn		70	140	92	40	True	2	3	1	1	-1	-2	5	0.70631038	0.76034809	0.05403771000000002	mid	mid	LD	LPC
412	make	compel	13	False	66	49	2	False		0.7261146496815287	0.6486486486486487					70	8	92	3	False	2	0	1	0	-1	0	5	0.75437706	0.7736485	0.019271439999999918	mid	mid	LD	LPC
413	make	establish	13	True	66	49	8	True		0.7261146496815287	0.6928104575163399					70	52	92	129	True	2	1	1	2	-1	1	8	0.74324257	0.76256453	0.01932195999999997	mid	mid	LD	LPC
414	make	require	13	False	66	49	4	False		0.7261146496815287	0.7730061349693251					70	271	92	666	True	2	3	1	4	-1	1	6	0.84268376	0.81820224	-0.024481520000000034	mid	mid	LPC	LPC
415	make	compose	13	False	66	49	6	False		0.7261146496815287	0.8304093567251463					70	48	92	33	True	2	1	1	1	-1	0	5	0.92683716	0.8127658	-0.11407136000000007	far	mid	LPC	LPC
416	make	execute	13	False	66	49	7	False		0.7261146496815287	0.7577639751552795					70	9	92	27	False	2	0	1	0	-1	0	6	0.79576243	0.77003838	-0.02572405	mid	mid	LPC	LPC
417	mourn	deplore	2	False	0	2	2	False		0.8095238095238095	0.9743589743589745		avgstd	syn	syn	38	19	25	14	True	1	0	0	0	-1	0	6	0.7209201	0.87095297	0.1500328700000001	mid	mid	LD	LD
418	obstruct	embarrass	6	True	11	3	2	True		0.7341772151898734	0.9010989010989012		avg	syn		9	6	3	13	False	0	0	0	0	0	0	7	0.65212557	0.78465254	0.1325269699999999	mid	mid	LD	LD
419	obstruct	interrupt	6	False	11	3	4	False		0.7341772151898734	0.8700564971751412		avg	syn		9	18	3	17	False	0	0	0	0	0	0	6	0.62128401	0.7228357	0.10155168999999997	mid	mid	LD	LD
420	obstruct	stay	6	False	11	3	11	False		0.7341772151898734	0.7096774193548387					9	340	3	304	False	0	4	0	3	0	-1	6	0.99867068	0.96840357	-0.03026711000000004	far	far	LPC	LPC
421	obstruct	hinder	6	True	11	3	3	True		0.7341772151898734	0.8095238095238095					9	22	3	8	False	0	0	0	0	0	0	8	0.60884279	0.58044036	-0.02840242999999998	close	close	LPC	LPC
422	obstruct	oppose	6	False	11	3	6	False		0.7341772151898734	0.7878787878787878					9	50	3	104	False	0	1	0	2	0	1	7	0.70205963	0.73779534	0.035735709999999976	mid	mid	LD	LPC
423	obstruct	impede	6	True	11	3	2	True		0.7341772151898734	0.7730061349693251					9	7	3	20	False	0	0	0	0	0	0	8	0.42303262	0.50248557	0.07945295000000002	close	close	LD	LPC
424	perceive	apprehend	4	False	1	2	3	True	comprehend	0.6842105263157895	0.8571428571428572		avg	syn		117	24	144	2	False	2	1	2	0	0	-1	7	0.58068976	0.66267342	0.0819836599999999	close	mid	LD	LPC
425	perceive	comprehend	4	True	1	2	3	True		0.6842105263157895	0.6394557823129252					117	49	144	20	True	2	1	2	0	0	-1	9	0.49726754	0.43927371	-0.057993830000000024	close	close	LPC	LPC
426	perceive	conceive	4	False	1	2	3	True	comprehend	0.6842105263157895	0.6666666666666667					117	56	144	24	True	2	1	2	0	0	-1	3	0.54539944	0.50235199	-0.04304744999999999	close	close	LPC	LPC
427	perceive	understand	4	False	1	2	5	True	comprehend	0.6842105263157895	0.6111111111111112					117	986	144	1436	True	2	4	2	4	0	0	8	0.58368664	0.52979589	-0.05389074999999999	close	close	LPC	LPC
428	persuade	dispose	7	False	2	2	5	False		0.7261146496815287	0.7261146496815287					30	38	14	15	True	1	1	0	0	-1	-1	6	0.68819737	0.78016913	0.09197175999999996	mid	mid	LD	LPC
429	persuade	entice	7	False	2	2	1	False		0.7261146496815287	0.9690721649484536		avgstd	syn	syn	30	19	14	40	True	1	0	0	1	-1	1	6	0.63633518	0.7352734	0.09893821999999997	mid	mid	LD	LD
430	persuade	induce	7	False	2	2	5	False		0.7261146496815287	0.8095238095238095					30	50	14	14	True	1	1	0	0	-1	-1	6	0.38438097	0.58420332	0.19982234999999998	close	close	LD	LD
431	persuade	impel	7	False	2	2	2	False		0.7261146496815287	0.9583333333333334		avgstd	syn	syn	30	13	14	1	False	1	0	0	0	-1	0	8	0.8227127	0.96907131	0.14635861000000006	mid	far	LD	LD
432	persuade	convince	7	False	2	2	1	False		0.7261146496815287	0.7654320987654322					30	26	14	52	True	1	1	0	1	-1	0	7	0.46205621	0.23370564	-0.22835057000000003	close	close	LPC	LPC
433	persuade	incite	7	False	2	2	3	False		0.7261146496815287	0.8439306358381503					30	9	14	6	False	1	0	0	0	-1	0	7	0.70477344	0.83310665	0.12833320999999998	mid	mid	LD	LD
434	plead	ask	7	False	0	4	7	False		0.7577639751552795	0.5294117647058824					65	1198	34	2372	True	2	4	1	4	-1	0	5	0.76522285	0.67997439	-0.08524845999999997	mid	mid	LPC	LPC
435	plead	beseech	7	False	0	4	1	False		0.7577639751552795	0.7421383647798743					65	72	34	4	False	2	2	1	0	-1	-2	6	0.83172277	0.87519675	0.04347398000000002	mid	mid	LD	LPC
436	plead	implore	7	False	0	4	1	False		0.7577639751552795	0.8165680473372781					65	26	34	10	True	2	1	1	0	-1	-1	5	0.68132049	0.78486984	0.1035493500000001	mid	mid	LD	LD
437	plead	solicit	7	False	0	4	5	False		0.7577639751552795	0.8700564971751412		avg	syn		65	6	34	9	False	2	0	1	0	-1	0	6	0.73412174	0.84336178	0.10924003999999998	mid	mid	LD	LD
438	plead	argue	7	False	0	4	3	False		0.7577639751552795	0.7421383647798743					65	40	34	433	True	2	1	1	4	-1	3	5	0.75467654	0.72213829	-0.03253824999999999	mid	mid	LPC	LPC
439	plead	beg	7	False	0	4	4	False		0.7577639751552795	0.6206896551724138					65	585	34	176	True	2	4	1	2	-1	-2	4	0.73995495	0.63775541	-0.10219953999999998	mid	close	LPC	LPC
440	plead	entreat	7	False	0	4	1	False		0.7577639751552795	0.8304093567251463					65	39	34	2	False	2	1	1	0	-1	-1	5	0.73492471	0.75303198	0.01810727000000001	mid	mid	LPC	LPC
441	pray	ask	7	False	2	2	7	True	beg	0.6013986013986015	0.5294117647058824					833	1198	242	2372	True	4	4	3	4	-1	0	4	0.48049995	0.57595917	0.09545921999999996	close	close	LD	LPC
442	pray	entreat	7	False	2	2	1	True	beseech	0.6013986013986015	0.8304093567251463					833	39	242	2	False	4	1	3	0	-1	-1	5	0.43776234	0.64996508	0.21220273999999995	close	mid	LD	LD
443	pray	invoke	7	False	2	2	3	False		0.6013986013986015	0.9583333333333334		avgstd	syn	syn	833	14	242	23	True	4	0	3	0	-1	0	6	0.76961163	0.86513202	0.09552039000000001	mid	mid	LD	LPC
444	pray	beg	7	True	2	2	4	True		0.6013986013986015	0.6206896551724138					833	585	242	176	True	4	4	3	2	-1	-2	4	0.5417868	0.55404575	0.01225894999999999	close	close	LPC	LPC
445	pray	implore	7	True	2	2	1	True		0.6013986013986015	0.8165680473372781					833	26	242	10	True	4	1	3	0	-1	-1	6	0.42858774	0.61862632	0.19003857999999996	close	close	LD	LD
446	pray	beseech	7	False	2	2	1	True	implore	0.6013986013986015	0.7421383647798743					833	72	242	4	False	4	2	3	0	-1	-2	7	0.36912602	0.56204985	0.19292382999999996	close	close	LD	LD
447	pray	conjure	7	False	2	2	3	False		0.6013986013986015	0.9010989010989012		avg	syn		833	9	242	17	False	4	0	3	0	-1	0	7	0.69299645	0.82137896	0.12838251	mid	mid	LD	LD
448	prevent	anticipate	3	False	5	2	6	False		0.6394557823129252	0.8235294117647058					123	30	151	45	True	2	1	2	1	0	0	9	0.78284813	0.69823971	-0.08460842000000002	mid	mid	LPC	LPC
449	prevent	obviate	3	False	5	2	2	True	avert	0.6394557823129252	0.8764044943820225		avg	syn		123	1	151	3	False	2	0	2	0	0	0	6	0.59628565	0.75407169	0.15778603999999996	close	mid	LD	LD
450	prevent	preclude	3	True	5	2	2	True		0.6394557823129252	0.7654320987654322					123	5	151	15	False	2	0	2	0	0	0	5	0.57625551	0.67492889	0.09867338000000003	close	mid	LD	LD
451	prohibit	forbid	5	True	6	1	2	True		0.6394557823129252	0.717948717948718					5	157	52	86	False	0	3	1	1	1	-2	5	0.51388077	0.51069823	-0.003182539999999956	close	close	LPC	LPC
452	prohibit	inhibit	5	False	6	1	4	False		0.6394557823129252	0.9473684210526316		avgstd	syn	syn	5	5	52	31	False	0	0	1	1	1	1	3	0.8424633	0.74370431	-0.09875898999999999	mid	mid	LPC	LPC
453	prohibit	preclude	5	False	6	1	2	True	forbid	0.6394557823129252	0.7654320987654322					5	5	52	15	False	0	0	1	0	1	0	6	0.76671404	0.54371541	-0.22299862999999998	mid	close	LPC	LPC
454	prohibit	hinder	5	False	6	1	3	False		0.6394557823129252	0.8095238095238095					5	22	52	8	False	0	0	1	0	1	0	7	0.72449144	0.70697099	-0.01752045000000002	mid	mid	LPC	LPC
455	prohibit	prevent	5	False	6	1	2	False		0.6394557823129252	0.6394557823129252					5	123	52	151	False	0	2	1	2	1	0	5	0.59380336	0.67794654	0.08414317999999998	close	mid	LD	LPC
456	promote	encourage	8	True	11	5	3	True		0.6842105263157895	0.7341772151898734					26	41	124	208	True	1	1	2	2	1	1	7	0.54323011	0.41127494	-0.13195517	close	close	LPC	LPC
457	promote	prefer	8	False	11	5	4	False		0.6842105263157895	0.6394557823129252					26	319	124	453	True	1	4	2	4	1	0	5	0.96319272	0.91583215	-0.047360570000000046	far	far	LPC	LPC
458	promote	raise	8	True	11	5	27	True		0.6842105263157895	0.8165680473372781					26	15	124	88	True	1	0	2	1	1	1	5	0.80267226	0.7842667	-0.018405560000000043	mid	mid	LPC	LPC
459	promote	exalt	8	False	11	5	4	False		0.6842105263157895	0.941798941798942		avg	syn		26	9	124	4	False	1	0	2	0	1	0	6	0.70943242	0.89114209	0.18170967000000005	mid	mid	LD	LD
460	promote	push	8	True	11	5	10	True		0.6842105263157895	0.8372093023255813					26	44	124	260	True	1	1	2	3	1	2	6	0.85785561	0.95573635	0.09788074000000002	mid	far	LD	LD
461	promote	assist	8	False	11	5	3	False		0.6842105263157895	0.7261146496815287					26	5	124	11	False	1	0	2	0	1	0	6	0.67244957	0.63307374	-0.03937583	mid	close	LPC	LPC
462	promote	excite	8	False	11	5	8	False		0.6842105263157895	0.7730061349693251					26	41	124	41	True	1	1	2	1	1	0	5	0.73654987	0.86933315	0.13278327999999995	mid	mid	LD	LD
463	promote	elevate	8	True	11	5	3	True		0.6842105263157895	0.8304093567251463					26	69	124	46	True	1	2	2	1	1	-1	5	0.62513436	0.82113253	0.19599816999999997	mid	mid	LD	LD
464	put	lay	1	True	15	9	5	True		0.7421383647798743	0.6666666666666667					8	206	4	166	False	0	3	0	2	0	-1	3	0.83243264	0.72575112	-0.10668151999999997	mid	mid	LPC	LPC
465	quicken	accelerate	5	True	13	5	2	True		0.9304812834224598	0.8023952095808383	avg		entry		11	2	24	24	False	0	0	0	0	0	0	9	0.76743117	0.85090852	0.0834773499999999	mid	mid	LD	LPC
466	quicken	hasten	5	False	13	5	4	False		0.9304812834224598	0.8505747126436781	avg		entry		11	73	24	14	True	0	2	0	0	0	-2	5	0.70887857	0.86548349	0.15660492000000004	mid	mid	LD	LD
467	quicken	promote	5	False	13	5	5	False		0.9304812834224598	0.6842105263157895	avg		entry		11	26	24	124	True	0	1	0	2	0	1	7	0.72359705	0.90394761	0.18035056000000005	mid	mid	LD	LD
468	quicken	expedite	5	False	13	5	2	False		0.9304812834224598	0.9189189189189187	avg	avg	both		11	9	24	15	False	0	0	0	0	0	0	8	0.77479691	0.96201436	0.18721745	mid	far	LD	LD
469	quicken	facilitate	5	False	13	5	3	False		0.9304812834224598	0.7261146496815287	avg		entry		11	5	24	27	False	0	0	0	0	0	0	9	0.7872937	0.91588669	0.12859299000000002	mid	far	LD	LD
470	quote	cite	1	True	1	4	7	True		0.6013986013986015	0.7261146496815287					3	9	150	85	False	0	0	2	1	2	1	3	0.47019596	0.5645209	0.09432493999999997	close	close	LD	LPC
471	reach	arrive	3	False	22	9	2	False		0.7730061349693251	0.7341772151898734					612	96	515	302	True	4	2	4	3	0	1	5	0.67780923	0.65826531	-0.019543920000000048	mid	mid	LPC	LPC
472	reach	attain	3	True	22	9	4	True		0.7730061349693251	0.7012987012987013					612	68	515	20	True	4	2	4	0	0	-2	5	0.64915857	0.58318469	-0.06597388000000004	mid	close	LPC	LPC
473	reach	enter	3	False	22	9	9	False		0.7730061349693251	0.7730061349693251					612	1110	515	616	True	4	4	4	4	0	0	5	0.94306553	0.88086531	-0.06220022000000003	far	mid	LPC	LPC
474	recover	heal	5	False	8	6	3	False		0.6111111111111112	0.7730061349693251					41	2	57	14	False	1	0	1	0	0	0	6	0.82462731	0.74686874	-0.07775856999999997	mid	mid	LPC	LPC
475	recover	restore	5	False	8	6	5	True	regain	0.6111111111111112	0.6486486486486487					41	46	57	54	True	1	1	1	1	0	0	4	0.68550792	0.6795954	-0.005912520000000088	mid	mid	LPC	LPC
476	recover	regain	5	True	8	6	2	True		0.6111111111111112	0.6394557823129252					41	8	57	22	False	1	0	1	0	0	0	5	0.56372738	0.61668286	0.052955480000000055	close	close	LD	LPC
477	recover	resume	5	False	8	6	4	False		0.6111111111111112	0.8095238095238095					41	10	57	45	True	1	0	1	1	0	1	4	0.76717374	0.86741149	0.1002377499999999	mid	mid	LD	LD
478	recover	retrieve	5	True	8	6	4	True		0.6111111111111112	0.9637305699481864		avgstd	syn	syn	41	5	57	38	False	1	0	1	1	0	1	5	0.69685019	0.80555559	0.10870539999999995	mid	mid	LD	LD
479	refute	confound	3	False	2	2	2	False		0.7730061349693251	0.9690721649484536		avgstd	syn	syn	4	118	1	11	False	0	2	0	0	0	-2	6	0.81411367	0.88808727	0.07397359999999997	mid	mid	LD	LPC
480	refute	disprove	3	False	2	2	1	False		0.7730061349693251	0.8023952095808383					4	4	1	2	False	0	0	0	0	0	0	7	0.60295958	0.49741628	-0.10554330000000006	close	close	LPC	LPC
481	refute	repel	3	False	2	2	5	False		0.7730061349693251	0.8372093023255813					4	15	1	22	False	0	0	0	0	0	0	4	0.74979516	0.76368913	0.013893970000000033	mid	mid	LPC	LPC
482	rend	cleave	4	False	3	1	3	False		0.941798941798942	0.9361702127659576	avg	avg	both		16	19	2	5	False	0	0	0	0	0	0	5	0.79385029	0.85997717	0.06612688	mid	mid	LD	LPC
483	rend	sever	4	False	3	1	2	False		0.941798941798942	0.9528795811518324	avg	avgstd	both	syn	16	6	2	5	False	0	0	0	0	0	0	4	0.67646281	0.8821557	0.20569289000000002	mid	mid	LD	LD
484	renounce	abandon	12	False	9	4	5	True	resign	0.7804878048780488	0.7096774193548387					14	38	16	54	True	0	1	0	1	0	0	7	0.56290414	0.64446423	0.08156008999999997	close	mid	LD	LPC
485	renounce	repudiate	12	True	9	4	4	True		0.7804878048780488	0.9690721649484536		avgstd	syn	syn	14	10	16	3	False	0	0	0	0	0	0	6	0.69041567	0.80383469	0.11341901999999993	mid	mid	LD	LD
486	renounce	discard	12	False	9	4	1	False		0.7804878048780488	0.9847715736040608		avgstd	syn	syn	14	2	16	17	False	0	0	0	0	0	0	8	0.72230381	0.88841181	0.16610800000000003	mid	mid	LD	LD
487	renounce	refuse	12	False	9	4	6	True	relinquish	0.7804878048780488	0.6394557823129252					14	78	16	54	True	0	2	0	1	0	-1	4	0.70035065	0.69763841	-0.0027122399999999214	mid	mid	LPC	LPC
488	renounce	retract	12	False	9	4	4	False		0.7804878048780488	0.9473684210526316		avgstd	syn	syn	14	8	16	7	False	0	0	0	0	0	0	5	0.75957945	0.80601292	0.04643346999999998	mid	mid	LD	LPC
489	renounce	deny	12	False	9	4	7	False		0.7804878048780488	0.6666666666666667					14	167	16	150	True	0	3	0	2	0	-1	6	0.71946135	0.77555964	0.056098289999999995	mid	mid	LD	LPC
490	renounce	disclaim	12	False	9	4	2	False		0.7804878048780488	0.941798941798942		avg	syn		14	7	16	4	False	0	0	0	0	0	0	8	0.70655339	0.89111045	0.18455706000000005	mid	mid	LD	LD
491	renounce	recall	12	False	9	4	7	False		0.7804878048780488	0.8372093023255813					14	33	16	93	True	0	1	0	2	0	1	6	0.90754814	0.98978645	0.08223831000000004	far	far	LD	LPC
492	renounce	reject	12	False	9	4	7	False		0.7804878048780488	0.6666666666666667					14	32	16	88	True	0	1	0	1	0	0	5	0.63523186	0.74239099	0.10715912999999999	mid	mid	LD	LD
493	renounce	revoke	12	False	9	4	2	False		0.7804878048780488	0.6666666666666667					14	14	16	21	True	0	0	0	0	0	0	4	0.72955709	0.89723895	0.16768185999999996	mid	mid	LD	LD
494	reprove	admonish	3	True	2	1	3	True		0.9528795811518324	0.9130434782608696	avgstd	avg	both	entry	14	5	1	2	False	0	0	0	0	0	0	8	0.68886383	0.74750853	0.058644699999999994	mid	mid	LD	LPC
495	reprove	condemn	3	False	2	1	6	False		0.9528795811518324	0.7804878048780488	avgstd		entry	entry	14	51	1	33	False	0	1	0	1	0	0	7	0.67171056	0.83701009	0.16529953000000008	mid	mid	LD	LD
496	reprove	chide	3	False	2	1	1	True	admonish	0.9528795811518324	0.9528795811518324	avgstd	avgstd	both	both	14	5	1	2	False	0	0	0	0	0	0	6	0.72810982	0.6426606	-0.08544921999999999	mid	close	LPC	LPC
497	restrain	keep	9	True	8	4	22	True		0.7261146496815287	0.7654320987654322					15	53	9	74	False	0	1	0	1	0	0	7	0.84314405	0.79433445	-0.04880960000000001	mid	mid	LPC	LPC
498	restrain	repress	9	False	8	4	5	True	suppress	0.7261146496815287	0.8764044943820225		avg	syn		15	3	9	5	False	0	0	0	0	0	0	5	0.45290105	0.74147634	0.28857528999999993	close	mid	LD	LD
499	restrain	hinder	9	False	8	4	3	True	obstruct	0.7261146496815287	0.8095238095238095					15	22	9	8	False	0	0	0	0	0	0	8	0.76608756	0.64292401	-0.12316355000000001	mid	close	LPC	LPC
500	restrain	restrict	9	False	8	4	4	True	confine	0.7261146496815287	0.6754966887417219					15	11	9	47	False	0	0	0	1	0	1	3	0.69067222	0.64974488	-0.04092733999999998	mid	mid	LPC	LPC
501	restrain	hold	9	True	8	4	36	True		0.7261146496815287	0.7096774193548387					15	1226	9	959	False	0	4	0	4	0	0	8	0.89527083	0.83031908	-0.06495174999999997	far	mid	LPC	LPC
502	restrain	suppress	9	False	8	4	5	True	repress	0.7261146496815287	0.75					15	10	9	20	False	0	0	0	0	0	0	7	0.53018954	0.54691364	0.01672410000000002	close	close	LPC	LPC
503	restrain	confine	9	True	8	4	5	True		0.7261146496815287	0.7878787878787878					15	34	9	19	False	0	1	0	0	0	-1	7	0.78195972	0.75007963	-0.03188009000000003	mid	mid	LPC	LPC
504	restrain	withhold	9	False	8	4	2	False		0.7261146496815287	0.7951807228915663					15	18	9	4	False	0	0	0	0	0	0	8	0.69193149	0.7792629	0.08733141	mid	mid	LD	LPC
505	revolve	rotate	1	True	5	3	6	True		0.8950276243093923	0.8505747126436781	avg		entry		25	6	24	46	False	1	0	0	1	-1	1	5	0.5003267	0.67997695	0.17965025	close	mid	LD	LD
506	satisfy	fill	2	True	8	3	9	True		0.8571428571428572	0.8571428571428572	avg	avg	both		39	71	33	65	True	1	2	1	1	0	-1	6	0.89041765	0.89739418	0.006976530000000092	far	mid	LPC	LPC
507	satisfy	suffice	2	False	8	3	1	False		0.8571428571428572	0.75	avg		entry		39	61	33	42	True	1	1	1	1	0	0	6	0.73523155	0.7597972	0.024565649999999994	mid	mid	LD	LPC
508	send	cast	8	False	18	8	11	False		0.6486486486486487	0.8235294117647058					681	23	649	112	True	4	0	4	2	0	2	4	0.89097682	1.00783438	0.11685756000000003	far	far	LD	LD
509	send	emit	8	False	18	8	3	False		0.6486486486486487	0.907103825136612		avg	syn		681	12	649	44	True	4	0	4	1	0	1	4	0.95661964	0.95883658	0.002216940000000056	far	far	LPC	LPC
510	send	impel	8	False	18	8	2	False		0.6486486486486487	0.9583333333333334		avgstd	syn	syn	681	13	649	1	False	4	0	4	0	0	0	5	0.95241749	0.9983168	0.045899310000000026	far	far	LD	LPC
511	send	dismiss	8	False	18	8	6	False		0.6486486486486487	0.8571428571428572		avg	syn		681	26	649	55	True	4	1	4	1	0	0	6	0.74861358	0.82948193	0.08086835000000003	mid	mid	LD	LPC
512	send	throw	8	False	18	8	15	False		0.6486486486486487	0.7577639751552795					681	82	649	137	True	4	2	4	2	0	0	5	0.90674664	0.85964796	-0.04709868000000006	far	mid	LPC	LPC
513	send	hurl	8	False	18	8	3	False		0.6486486486486487	0.9473684210526316		avgstd	syn	syn	681	14	649	17	True	4	0	4	0	0	0	4	0.89540511	0.95478251	0.059377400000000025	far	far	LD	LPC
514	send	transmit	8	True	18	8	4	True		0.6486486486486487	0.7341772151898734					681	9	649	43	False	4	0	4	1	0	1	7	0.7203174	0.73798921	0.017671809999999954	mid	mid	LPC	LPC
515	shake	agitate	6	True	12	9	6	True		0.7951807228915663	0.9361702127659576		avg	syn		123	25	172	13	True	2	1	2	0	0	-1	5	0.69595892	0.8532281	0.15726918	mid	mid	LD	LD
516	shake	tremble	6	False	12	9	1	False		0.7951807228915663	0.8372093023255813					123	113	172	54	True	2	2	2	1	0	-1	6	0.65935123	0.62059389	-0.038757339999999973	mid	close	LPC	LPC
517	shake	vibrate	6	False	12	9	5	False		0.7951807228915663	0.9130434782608696		avg	syn		123	9	172	6	False	2	0	2	0	0	0	5	0.85407582	0.76520543	-0.08887039000000008	mid	mid	LPC	LPC
518	shake	fluctuate	6	False	12	9	3	False		0.7951807228915663	0.941798941798942		avg	syn		123	1	172	7	False	2	0	2	0	0	0	7	0.97022006	1.0075851	0.03736503999999996	far	far	LD	LPC
519	shake	waver	6	False	12	9	7	False		0.7951807228915663	0.9583333333333334		avgstd	syn	syn	123	8	172	9	False	2	0	2	0	0	0	4	0.74901713	0.78446951	0.03545237999999995	mid	mid	LD	LPC
520	speak	announce	7	False	6	5	4	False		0.6394557823129252	0.7421383647798743					1233	41	837	60	True	4	1	4	1	0	0	8	0.83240498	0.77425026	-0.05815471999999999	mid	mid	LPC	LPC
521	speak	say	7	False	6	5	11	True	pronounce	0.6394557823129252	0.6394557823129252					1233	157	837	148	True	4	3	4	2	0	-1	3	0.54680843	0.45030357	-0.09650486000000003	close	close	LPC	LPC
522	speak	declare	7	False	6	5	8	False		0.6394557823129252	0.7096774193548387					1233	318	837	65	True	4	4	4	1	0	-3	6	0.74479337	0.74298793	-0.001805440000000047	mid	mid	LPC	LPC
523	speak	tell	7	False	6	5	8	False		0.6394557823129252	0.5294117647058824					1233	3571	837	4521	True	4	4	4	4	0	0	4	0.56906533	0.57528806	0.006222729999999954	close	close	LPC	LPC
524	speak	deliver	7	False	6	5	12	False		0.6394557823129252	0.7341772151898734					1233	70	837	145	True	4	2	4	2	0	0	7	0.90266787	0.83318639	-0.06948147999999998	far	mid	LPC	LPC
525	speak	pronounce	7	False	6	5	2	True	say	0.6394557823129252	0.8023952095808383					1233	31	837	16	True	4	1	4	0	0	-1	9	0.71049378	0.60415799	-0.10633578999999993	mid	close	LPC	LPC
526	subvert	destroy	6	False	18	4	4	True	weaken	0.8439306358381503	0.6577181208053691					13	96	27	133	True	0	2	0	2	0	0	7	0.62606356	0.72392815	0.09786459000000003	mid	mid	LD	LD
527	subvert	supplant	6	False	18	4	1	False		0.8439306358381503	0.9473684210526316		avgstd	syn	syn	13	20	27	20	True	0	0	0	0	0	0	5	0.83776356	0.858398	0.02063444000000003	mid	mid	LD	LPC
528	subvert	extinguish	6	False	18	4	5	False		0.8439306358381503	0.9361702127659576		avg	syn		13	2	27	5	False	0	0	0	0	0	0	10	0.7813243	0.82660139	0.04527709000000002	mid	mid	LD	LPC
529	subvert	overturn	6	True	18	4	6	True		0.8439306358381503	0.941798941798942		avg	syn		13	4	27	5	False	0	0	0	0	0	0	6	0.63464258	0.75222041	0.11757783	mid	mid	LD	LD
530	subvert	supersede	6	False	18	4	1	False		0.8439306358381503	0.8888888888888888		avg	syn		13	2	27	5	False	0	0	0	0	0	0	6	0.81342585	0.86448955	0.051063700000000045	mid	mid	LD	LPC
531	subvert	suppress	6	False	18	4	5	False		0.8439306358381503	0.75					13	10	27	20	True	0	0	0	0	0	0	5	0.73745302	0.77472898	0.03727596	mid	mid	LD	LPC
532	succeed	achieve	6	False	6	2	1	False		0.6666666666666667	0.7261146496815287					110	17	93	93	True	2	0	2	2	0	2	6	0.7164605	0.67555919	-0.04090130999999997	mid	mid	LPC	LPC
533	succeed	attain	6	False	6	2	4	False		0.6666666666666667	0.7012987012987013					110	68	93	20	True	2	2	2	0	0	-2	7	0.76651477	0.73041102	-0.03610374999999999	mid	mid	LPC	LPC
534	succeed	prevail	6	False	6	2	5	False		0.6666666666666667	0.8950276243093923		avg	syn		110	85	93	38	True	2	2	2	1	0	-1	7	0.86525545	0.71094832	-0.15430713000000007	mid	mid	LPC	LPC
535	succeed	prosper	6	False	6	2	1	False		0.6666666666666667	0.7654320987654322					110	22	93	21	True	2	0	2	0	0	0	6	0.75394757	0.6842214	-0.06972617000000003	mid	mid	LPC	LPC
536	succeed	thrive	6	False	6	2	2	False		0.6666666666666667	0.8235294117647058					110	32	93	58	True	2	1	2	1	0	0	6	0.80439726	0.79948533	-0.004911930000000009	mid	mid	LPC	LPC
537	succeed	win	6	True	6	2	5	True		0.6666666666666667	0.6842105263157895					110	24	93	230	True	2	1	2	3	0	2	7	0.72525893	0.64038044	-0.08487848999999992	mid	close	LPC	LPC
538	suppose	deem	4	False	14	5	1	False		0.5915492957746479	0.7730061349693251					2617	75	1383	23	True	4	2	4	0	0	-2	7	0.92459138	0.89933486	-0.025256520000000005	far	mid	LPC	LPC
539	suppose	guess	4	True	14	5	4	True		0.5915492957746479	0.6754966887417219					2617	82	1383	320	True	4	2	4	3	0	1	5	0.63554008	0.47732854	-0.15821153999999993	mid	close	LPC	LPC
540	suppose	imagine	4	True	14	5	2	True		0.5915492957746479	0.6013986013986015					2617	307	1383	874	True	4	4	4	4	0	0	6	0.48292704	0.53268953	0.04976248999999999	close	close	LD	LPC
541	suppose	think	4	True	14	5	13	True		0.5915492957746479	0.5915492957746479					2617	150	1383	237	True	4	3	4	3	0	0	7	0.4791485	0.48922942	0.010080920000000049	close	close	LPC	LPC
542	teach	inform	7	False	2	2	3	False		0.6928104575163399	0.717948717948718					200	39	388	49	True	3	1	3	1	0	0	6	0.84691044	0.77926104	-0.06764940000000008	mid	mid	LPC	LPC
543	teach	initiate	7	False	2	2	5	False		0.6928104575163399	0.8950276243093923		avg	syn		200	5	388	24	False	3	0	3	0	0	0	6	0.88931336	0.85257926	-0.0367341000000001	far	mid	LPC	LPC
544	teach	educate	7	False	2	2	3	True	instruct	0.6928104575163399	0.7730061349693251					200	27	388	21	True	3	1	3	0	0	-1	6	0.64559389	0.62015383	-0.025440059999999987	mid	close	LPC	LPC
545	teach	inculcate	7	False	2	2	1	False		0.6928104575163399	0.8950276243093923		avg	syn		200	22	388	6	False	3	0	3	0	0	0	8	0.71874071	0.78803304	0.06929233000000001	mid	mid	LD	LPC
546	teach	enlighten	7	False	2	2	3	False		0.6928104575163399	0.8700564971751412		avg	syn		200	3	388	5	False	3	0	3	0	0	0	8	0.69410561	0.74294094	0.048835329999999955	mid	mid	LD	LPC
547	teach	instruct	7	True	2	2	3	True		0.6928104575163399	0.7804878048780488					200	20	388	15	True	3	0	3	0	0	0	6	0.50118079	0.48857582	-0.012604970000000049	close	close	LPC	LPC
548	tire	harass	1	False	17	4	2	False		0.9473684210526316	0.8764044943820225	avgstd	avg	both	entry	75	8	337	5	False	2	0	3	0	1	0	5	0.86568588	0.92269229	0.05700640999999995	mid	far	LD	LPC
549	transact	accomplish	4	False	0	1	2	False		0.9247311827956988	0.7804878048780488	avg		entry		45	38	3	27	False	1	1	0	0	-1	-1	10	0.89295818	0.90501266	0.012054479999999979	far	far	LPC	LPC
550	transact	perform	4	False	0	1	4	False		0.9247311827956988	0.717948717948718	avg		entry		45	76	3	227	False	1	2	0	3	-1	1	8	0.82340817	0.89435317	0.07094500000000004	mid	mid	LD	LPC
551	transact	negotiate	4	False	0	1	2	False		0.9247311827956988	0.75	avg		entry		45	5	3	50	False	1	0	0	1	-1	1	8	0.84737573	0.87144557	0.02406984000000001	mid	mid	LD	LPC
552	transact	treat	4	False	0	1	8	False		0.9247311827956988	0.8304093567251463	avg		entry		45	76	3	201	False	1	2	0	2	-1	0	4	0.92139754	0.94464379	0.023246250000000024	far	far	LD	LPC
553	wander	deviate	6	False	21	5	3	False		0.8372093023255813	0.8023952095808383					100	2	120	8	False	2	0	2	0	0	0	7	0.88681715	0.85929273	-0.027524420000000105	far	mid	LPC	LPC
554	wander	diverge	6	False	21	5	4	False		0.8372093023255813	0.9189189189189187		avg	syn		100	7	120	11	False	2	0	2	0	0	0	6	0.85220083	0.89555203	0.043351200000000034	mid	mid	LD	LPC
555	wander	err	6	False	21	5	2	False		0.8372093023255813	0.9130434782608696		avg	syn		100	13	120	11	True	2	0	2	0	0	0	5	0.83810828	0.89757659	0.05946830999999997	mid	mid	LD	LPC
556	wander	roam	6	True	21	5	1	True		0.8372093023255813	0.8636363636363636		avg	syn		100	9	120	5	False	2	0	2	0	0	0	6	0.44996531	0.55350301	0.10353770000000001	close	close	LD	LD
